,mean_fit_time,std_fit_time,mean_score_time,std_score_time,param_bootstrap,param_class_weight,param_criterion,param_max_depth,param_max_features,param_min_samples_leaf,param_min_samples_split,param_n_estimators,params,split0_test_score,split1_test_score,split2_test_score,split3_test_score,split4_test_score,mean_test_score,std_test_score,rank_test_score,ML_model,param_C,param_max_iter,param_penalty,param_solver
0,9.05203561782837,0.05949509881723005,0.5091481685638428,0.0904343081278421,False,balanced,gini,32,sqrt,5,19,301,"OrderedDict([('bootstrap', False), ('class_weight', 'balanced'), ('criterion', 'gini'), ('max_depth', 32), ('max_features', 'sqrt'), ('min_samples_leaf', 5), ('min_samples_split', 19), ('n_estimators', 301)])",1.6530676083939175,1.6824183160014028,1.6969979701178008,1.6758064424421006,1.627665711399516,1.6671912096709476,0.024315719598127023,85,RandomForestClassifier,,,,
1,2.2378690242767334,0.25857427481180467,0.06684980392456055,0.014619638545043109,True,balanced,entropy,95,sqrt,2,9,51,"OrderedDict([('bootstrap', True), ('class_weight', 'balanced'), ('criterion', 'entropy'), ('max_depth', 95), ('max_features', 'sqrt'), ('min_samples_leaf', 2), ('min_samples_split', 9), ('n_estimators', 51)])",1.583017865646581,1.5682771221664338,1.6989435490349662,1.6243612582414289,1.5130471839595547,1.5975293958097927,0.06198113173542649,94,RandomForestClassifier,,,,
2,11.221137046813965,0.03136464448072647,0.18367400169372558,0.009867661926517899,False,balanced,entropy,44,log2,5,9,318,"OrderedDict([('bootstrap', False), ('class_weight', 'balanced'), ('criterion', 'entropy'), ('max_depth', 44), ('max_features', 'log2'), ('min_samples_leaf', 5), ('min_samples_split', 9), ('n_estimators', 318)])",1.6396340208621942,1.6314504654057231,1.681965357921096,1.6843092093829424,1.6766850158349023,1.6628088138813717,0.022548641721961662,86,RandomForestClassifier,,,,
3,9.384331130981446,0.08121992601771745,0.35492863655090334,0.03579322148100461,True,balanced,gini,80,sqrt,2,38,556,"OrderedDict([('bootstrap', True), ('class_weight', 'balanced'), ('criterion', 'gini'), ('max_depth', 80), ('max_features', 'sqrt'), ('min_samples_leaf', 2), ('min_samples_split', 38), ('n_estimators', 556)])",1.6871880472285354,1.692520107607226,1.7517749502443725,1.697529989258418,1.6922526144153536,1.704253141750781,0.023985067269167677,21,RandomForestClassifier,,,,
4,3.1400747299194336,0.02884374454494689,0.10187616348266601,0.009203377322008712,True,balanced,gini,72,sqrt,7,22,200,"OrderedDict([('bootstrap', True), ('class_weight', 'balanced'), ('criterion', 'gini'), ('max_depth', 72), ('max_features', 'sqrt'), ('min_samples_leaf', 7), ('min_samples_split', 22), ('n_estimators', 200)])",1.6687962963381178,1.6961984577853098,1.7082458283082986,1.6786062192273825,1.6448323346449487,1.6793358272608114,0.022010186330048215,77,RandomForestClassifier,,,,
5,2.3733327865600584,0.02246607503447203,0.06272754669189454,0.0035128745699692754,True,balanced,entropy,20,sqrt,4,24,117,"OrderedDict([('bootstrap', True), ('class_weight', 'balanced'), ('criterion', 'entropy'), ('max_depth', 20), ('max_features', 'sqrt'), ('min_samples_leaf', 4), ('min_samples_split', 24), ('n_estimators', 117)])",1.6612785066182012,1.6828165885460842,1.7140308467672971,1.6700761095187282,1.6251334278061071,1.6706670958512837,0.02894765919561793,81,RandomForestClassifier,,,,
6,1.2952056884765626,0.015069317483005792,0.04014496803283692,0.004595518933257786,True,balanced,entropy,88,sqrt,6,33,70,"OrderedDict([('bootstrap', True), ('class_weight', 'balanced'), ('criterion', 'entropy'), ('max_depth', 88), ('max_features', 'sqrt'), ('min_samples_leaf', 6), ('min_samples_split', 33), ('n_estimators', 70)])",1.7100850033973405,1.6285472520354458,1.754228172777471,1.6718605990721442,1.6738061779893096,1.6877054410543422,0.042119018283333184,65,RandomForestClassifier,,,,
7,0.22386975288391114,0.004950885816849012,0.015958404541015624,0.0018539236993936525,True,balanced,entropy,84,log2,1,29,11,"OrderedDict([('bootstrap', True), ('class_weight', 'balanced'), ('criterion', 'entropy'), ('max_depth', 84), ('max_features', 'log2'), ('min_samples_leaf', 1), ('min_samples_split', 29), ('n_estimators', 11)])",1.5201363911238488,1.4294544826092432,1.5316243997384065,1.571396110436086,1.5318645501624668,1.5168951868140101,0.04704840993124705,100,RandomForestClassifier,,,,
8,0.9184503555297852,0.0031921074961002416,0.03963942527770996,0.001106783793250224,True,balanced,gini,42,log2,3,2,55,"OrderedDict([('bootstrap', True), ('class_weight', 'balanced'), ('criterion', 'gini'), ('max_depth', 42), ('max_features', 'log2'), ('min_samples_leaf', 3), ('min_samples_split', 2), ('n_estimators', 55)])",1.6175365770258803,1.6497114369433326,1.703129542828983,1.6936388314240873,1.637873906833463,1.660378059011149,0.032831614704123185,88,RandomForestClassifier,,,,
9,0.5373373985290527,0.011554385833107104,0.019014549255371094,0.001529559415832073,False,balanced,gini,26,sqrt,3,17,20,"OrderedDict([('bootstrap', False), ('class_weight', 'balanced'), ('criterion', 'gini'), ('max_depth', 26), ('max_features', 'sqrt'), ('min_samples_leaf', 3), ('min_samples_split', 17), ('n_estimators', 20)])",1.5739283940294957,1.5617472769105705,1.7014484898605624,1.6470180639861738,1.5495114742560196,1.6067307398085646,0.05825473515102781,93,RandomForestClassifier,,,,
10,6.896826553344726,0.048800517984388114,0.37097554206848143,0.012228255926423782,True,balanced,entropy,1,sqrt,10,50,1000,"OrderedDict([('bootstrap', True), ('class_weight', 'balanced'), ('criterion', 'entropy'), ('max_depth', 1), ('max_features', 'sqrt'), ('min_samples_leaf', 10), ('min_samples_split', 50), ('n_estimators', 1000)])",1.539728894134567,1.517525046470129,1.6063951226635058,1.5901617583465004,1.536983802884911,1.5581589248999226,0.03402962246604194,98,RandomForestClassifier,,,,
11,0.32651481628417967,0.01391455410183614,0.026563405990600586,0.006195803161423211,False,balanced,gini,98,sqrt,8,47,10,"OrderedDict([('bootstrap', False), ('class_weight', 'balanced'), ('criterion', 'gini'), ('max_depth', 98), ('max_features', 'sqrt'), ('min_samples_leaf', 8), ('min_samples_split', 47), ('n_estimators', 10)])",1.6292130177720003,1.5926940419399098,1.6437409535959002,1.5428205396364063,1.5148316735129708,1.5846600452914374,0.04932871764757511,96,RandomForestClassifier,,,,
12,5.914023447036743,0.03229876298562798,0.4680643558502197,0.002678847157495448,True,balanced,gini,1,log2,1,30,1000,"OrderedDict([('bootstrap', True), ('class_weight', 'balanced'), ('criterion', 'gini'), ('max_depth', 1), ('max_features', 'log2'), ('min_samples_leaf', 1), ('min_samples_split', 30), ('n_estimators', 1000)])",1.584963444563746,1.5136065458679855,1.6588799696207286,1.5661977966533316,1.5697697430032918,1.5786834999418167,0.04677877564517878,97,RandomForestClassifier,,,,
13,29.498517322540284,0.15715135348145506,0.7911542415618896,0.01220422649441371,False,balanced,gini,100,log2,1,11,1000,"OrderedDict([('bootstrap', False), ('class_weight', 'balanced'), ('criterion', 'gini'), ('max_depth', 100), ('max_features', 'log2'), ('min_samples_leaf', 1), ('min_samples_split', 11), ('n_estimators', 1000)])",1.649070046731463,1.6604546187610254,1.6573873487838706,1.6450451423011956,1.6093803643372222,1.6442675041829553,0.018302648241741635,91,RandomForestClassifier,,,,
14,6.073156023025513,0.041084719591227774,0.13043770790100098,0.008080491130749493,False,balanced,gini,82,sqrt,3,50,257,"OrderedDict([('bootstrap', False), ('class_weight', 'balanced'), ('criterion', 'gini'), ('max_depth', 82), ('max_features', 'sqrt'), ('min_samples_leaf', 3), ('min_samples_split', 50), ('n_estimators', 257)])",1.6667960318853265,1.7168306235525788,1.6930521267478442,1.6162841066130815,1.6492828543877103,1.6684491486373083,0.03474865432367607,84,RandomForestClassifier,,,,
15,7.153173637390137,0.060147979601683735,0.20983333587646485,0.00991230318913218,True,balanced,gini,100,sqrt,1,21,379,"OrderedDict([('bootstrap', True), ('class_weight', 'balanced'), ('criterion', 'gini'), ('max_depth', 100), ('max_features', 'sqrt'), ('min_samples_leaf', 1), ('min_samples_split', 21), ('n_estimators', 379)])",1.6729276045965085,1.6768461051986516,1.7375418503801583,1.6829229923742077,1.6312103149816632,1.680289773506238,0.03393991095897992,75,RandomForestClassifier,,,,
16,15.203859233856202,0.05608574054585308,0.41912503242492677,0.008725605228228437,True,balanced,gini,100,sqrt,5,27,959,"OrderedDict([('bootstrap', True), ('class_weight', 'balanced'), ('criterion', 'gini'), ('max_depth', 100), ('max_features', 'sqrt'), ('min_samples_leaf', 5), ('min_samples_split', 27), ('n_estimators', 959)])",1.705607140886766,1.6857227691594898,1.7391135322773272,1.7008891279521312,1.6907326508106824,1.7044130442172793,0.01873204350731907,20,RandomForestClassifier,,,,
17,6.367659235000611,0.030894817553019396,0.18168411254882813,0.004206611943415423,True,balanced,gini,100,sqrt,10,32,440,"OrderedDict([('bootstrap', True), ('class_weight', 'balanced'), ('criterion', 'gini'), ('max_depth', 100), ('max_features', 'sqrt'), ('min_samples_leaf', 10), ('min_samples_split', 32), ('n_estimators', 440)])",1.6759128462702249,1.6992901032871495,1.7415394120426129,1.7124044793345017,1.695690814169377,1.7049675310207733,0.021703806342952433,19,RandomForestClassifier,,,,
18,11.214292907714844,0.056359264288220294,0.3846901893615723,0.012217732107703818,True,balanced,entropy,9,log2,10,2,1000,"OrderedDict([('bootstrap', True), ('class_weight', 'balanced'), ('criterion', 'entropy'), ('max_depth', 9), ('max_features', 'log2'), ('min_samples_leaf', 10), ('min_samples_split', 2), ('n_estimators', 1000)])",1.6413394493552995,1.6599196323772794,1.70001055455933,1.7051815255742713,1.6800168117608025,1.6772935947253966,0.024065610314795486,79,RandomForestClassifier,,,,
19,19.54380283355713,0.08444511516387315,0.5852205753326416,0.02360671772249036,True,balanced,gini,100,sqrt,1,35,1000,"OrderedDict([('bootstrap', True), ('class_weight', 'balanced'), ('criterion', 'gini'), ('max_depth', 100), ('max_features', 'sqrt'), ('min_samples_leaf', 1), ('min_samples_split', 35), ('n_estimators', 1000)])",1.67476677968555,1.658241546651987,1.7234942154043784,1.6751133339377335,1.6472308716424213,1.6757693494644141,0.026079750456428838,80,RandomForestClassifier,,,,
20,4.613788843154907,0.034525252981997906,0.12624883651733398,0.010543861184012232,True,balanced,entropy,90,sqrt,10,35,232,"OrderedDict([('bootstrap', True), ('class_weight', 'balanced'), ('criterion', 'entropy'), ('max_depth', 90), ('max_features', 'sqrt'), ('min_samples_leaf', 10), ('min_samples_split', 35), ('n_estimators', 232)])",1.6637834474437971,1.6775392137030192,1.750841691315945,1.6857227691594896,1.669194568882799,1.6894163381010103,0.0316029985502321,60,RandomForestClassifier,,,,
21,4.1000298976898195,0.022133391967962986,0.12194523811340333,0.005771193729593718,True,balanced,gini,100,sqrt,1,36,222,"OrderedDict([('bootstrap', True), ('class_weight', 'balanced'), ('criterion', 'gini'), ('max_depth', 100), ('max_features', 'sqrt'), ('min_samples_leaf', 1), ('min_samples_split', 36), ('n_estimators', 222)])",1.6798586896401813,1.6613058493860138,1.722667360304075,1.645391696553379,1.5997832491042039,1.6618013689975708,0.0403646028372202,87,RandomForestClassifier,,,,
22,1.1097667694091797,0.011092303289134657,0.039784812927246095,0.0028366638385268106,True,balanced,gini,49,sqrt,10,50,63,"OrderedDict([('bootstrap', True), ('class_weight', 'balanced'), ('criterion', 'gini'), ('max_depth', 49), ('max_features', 'sqrt'), ('min_samples_leaf', 10), ('min_samples_split', 50), ('n_estimators', 63)])",1.6915868486787993,1.6445374986852626,1.7423389243751037,1.75326757108123,1.653441505413914,1.6970344696468618,0.04449856262874341,41,RandomForestClassifier,,,,
23,11.379300308227538,0.08834924437108185,0.402266263961792,0.03002648326084925,True,balanced,gini,98,sqrt,7,31,688,"OrderedDict([('bootstrap', True), ('class_weight', 'balanced'), ('criterion', 'gini'), ('max_depth', 98), ('max_features', 'sqrt'), ('min_samples_leaf', 7), ('min_samples_split', 31), ('n_estimators', 688)])",1.669249254418425,1.715763618028215,1.727440058774335,1.7229865717884452,1.6785241909239443,1.7027927387866728,0.02407344072252566,26,RandomForestClassifier,,,,
24,10.663494205474853,0.06187493498748688,0.2944239616394043,0.009712540655106648,True,balanced,gini,84,sqrt,10,27,606,"OrderedDict([('bootstrap', True), ('class_weight', 'balanced'), ('criterion', 'gini'), ('max_depth', 84), ('max_features', 'sqrt'), ('min_samples_leaf', 10), ('min_samples_split', 27), ('n_estimators', 606)])",1.6672763327334468,1.7061938455630095,1.7087261291564186,1.6995302537112094,1.680603516437046,1.692466015520226,0.0159874142860026,55,RandomForestClassifier,,,,
25,0.30103020668029784,0.00987574304913977,0.020924758911132813,0.00243859722915956,True,balanced,gini,1,sqrt,10,2,67,"OrderedDict([('bootstrap', True), ('class_weight', 'balanced'), ('criterion', 'gini'), ('max_depth', 1), ('max_features', 'sqrt'), ('min_samples_leaf', 10), ('min_samples_split', 2), ('n_estimators', 67)])",1.5020638517178022,1.5158196179770238,1.5414616653954851,1.5502045827603865,1.589015691761826,1.5397130819225047,0.03010727030231165,99,RandomForestClassifier,,,,
26,18.415691328048705,0.13941464199079023,0.6270635604858399,0.03751947114890391,True,balanced,gini,53,sqrt,4,36,1000,"OrderedDict([('bootstrap', True), ('class_weight', 'balanced'), ('criterion', 'gini'), ('max_depth', 53), ('max_features', 'sqrt'), ('min_samples_leaf', 4), ('min_samples_split', 36), ('n_estimators', 1000)])",1.6975573320262316,1.6685561459140574,1.7410591111944926,1.695025048432822,1.6681549061262482,1.6940705087387706,0.026621791872556855,51,RandomForestClassifier,,,,
27,18.129591608047484,0.14617478904776673,0.5166621685028077,0.026497919599863386,True,balanced,gini,64,sqrt,1,45,1000,"OrderedDict([('bootstrap', True), ('class_weight', 'balanced'), ('criterion', 'gini'), ('max_depth', 64), ('max_features', 'sqrt'), ('min_samples_leaf', 1), ('min_samples_split', 45), ('n_estimators', 1000)])",1.6787916841158175,1.6960920539571862,1.7444182498882055,1.691453102082862,1.6667960318853265,1.6955102243858797,0.02650587921683925,49,RandomForestClassifier,,,,
28,4.689192056655884,0.03289004600914364,0.13274040222167968,0.0034288067323180065,True,balanced,gini,69,sqrt,1,36,234,"OrderedDict([('bootstrap', True), ('class_weight', 'balanced'), ('criterion', 'gini'), ('max_depth', 69), ('max_features', 'sqrt'), ('min_samples_leaf', 1), ('min_samples_split', 36), ('n_estimators', 234)])",1.692359018243477,1.6910548295381813,1.697532956501547,1.723120318384382,1.640673683618745,1.6889481612572663,0.026787804016024878,64,RandomForestClassifier,,,,
29,19.22897686958313,0.09754676358922242,0.5076556205749512,0.017657591441392458,True,balanced,entropy,35,sqrt,10,29,1000,"OrderedDict([('bootstrap', True), ('class_weight', 'balanced'), ('criterion', 'entropy'), ('max_depth', 35), ('max_features', 'sqrt'), ('min_samples_leaf', 10), ('min_samples_split', 29), ('n_estimators', 1000)])",1.7019287907086824,1.7214148898912764,1.722934853495948,1.6818042685573462,1.699715718599644,1.7055597042505795,0.015263938871812925,17,RandomForestClassifier,,,,
30,28.24141025543213,0.2844735963252857,0.7549525737762451,0.08834709812056699,True,balanced,entropy,38,sqrt,1,27,1000,"OrderedDict([('bootstrap', True), ('class_weight', 'balanced'), ('criterion', 'entropy'), ('max_depth', 38), ('max_features', 'sqrt'), ('min_samples_leaf', 1), ('min_samples_split', 27), ('n_estimators', 1000)])",1.6885742642372699,1.6749278690492995,1.7636915414145526,1.6610656989619537,1.6240937650495564,1.6824706277425263,0.04595000213026811,71,RandomForestClassifier,,,,
31,13.628755950927735,0.07370019915510152,0.4805696964263916,0.004830900673717738,True,balanced,gini,74,log2,10,2,1000,"OrderedDict([('bootstrap', True), ('class_weight', 'balanced'), ('criterion', 'gini'), ('max_depth', 74), ('max_features', 'log2'), ('min_samples_leaf', 10), ('min_samples_split', 2), ('n_estimators', 1000)])",1.6834032932223284,1.688014902328839,1.7404206882257514,1.7300240606602415,1.6779648290155136,1.7039655546905348,0.02592793912952579,22,RandomForestClassifier,,,,
32,0.32067503929138186,0.008978775848430187,0.02489018440246582,0.0015831570514257152,False,balanced,entropy,39,sqrt,10,38,10,"OrderedDict([('bootstrap', False), ('class_weight', 'balanced'), ('criterion', 'entropy'), ('max_depth', 39), ('max_features', 'sqrt'), ('min_samples_leaf', 10), ('min_samples_split', 38), ('n_estimators', 10)])",1.599278572731399,1.5939738551205207,1.66469233084754,1.5911740783352384,1.6015160203651218,1.6101269714799638,0.02752943880321536,92,RandomForestClassifier,,,,
33,15.689442348480224,0.1953343517921569,0.6263255119323731,0.047238615491972016,True,balanced,gini,72,sqrt,10,38,1000,"OrderedDict([('bootstrap', True), ('class_weight', 'balanced'), ('criterion', 'gini'), ('max_depth', 72), ('max_features', 'sqrt'), ('min_samples_leaf', 10), ('min_samples_split', 38), ('n_estimators', 1000)])",1.6769798517945886,1.7064339959870696,1.7353561210389334,1.7148303590997873,1.7089115940448527,1.7085023843930465,0.018757836657214776,9,RandomForestClassifier,,,,
34,13.663662576675415,0.10646326863295562,0.45276331901550293,0.021849756036842995,True,balanced,gini,37,log2,10,2,1000,"OrderedDict([('bootstrap', True), ('class_weight', 'balanced'), ('criterion', 'gini'), ('max_depth', 37), ('max_features', 'log2'), ('min_samples_leaf', 10), ('min_samples_split', 2), ('n_estimators', 1000)])",1.686920554036662,1.6847895102310626,1.7360218867754873,1.6867624319160406,1.665622622532839,1.692023401098418,0.02340475965567009,57,RandomForestClassifier,,,,
35,22.828826665878296,0.1608776488879904,0.5224931240081787,0.02617225598044183,False,balanced,entropy,65,log2,10,2,1000,"OrderedDict([('bootstrap', False), ('class_weight', 'balanced'), ('criterion', 'entropy'), ('max_depth', 65), ('max_features', 'log2'), ('min_samples_leaf', 10), ('min_samples_split', 2), ('n_estimators', 1000)])",1.674873183513674,1.6664494776331427,1.7200560156503553,1.7226673603040745,1.6611994455578907,1.6890490965318274,0.026754136263080684,63,RandomForestClassifier,,,,
36,16.794733381271364,0.07055475644284916,0.5045200824737549,0.009724602915546117,True,balanced,entropy,64,sqrt,10,50,1000,"OrderedDict([('bootstrap', True), ('class_weight', 'balanced'), ('criterion', 'entropy'), ('max_depth', 64), ('max_features', 'sqrt'), ('min_samples_leaf', 10), ('min_samples_split', 50), ('n_estimators', 1000)])",1.7128574374148091,1.6690091039943646,1.7655033737357815,1.6897203308219442,1.6744992864936767,1.7023179064921152,0.035058624725132055,29,RandomForestClassifier,,,,
37,12.83194637298584,0.0631623081717387,0.49727439880371094,0.020681732274339778,True,balanced,gini,100,log2,10,2,1000,"OrderedDict([('bootstrap', True), ('class_weight', 'balanced'), ('criterion', 'gini'), ('max_depth', 100), ('max_features', 'log2'), ('min_samples_leaf', 10), ('min_samples_split', 2), ('n_estimators', 1000)])",1.6888144146613302,1.6746603758574263,1.7562801555227598,1.7437251413838377,1.6815094325976605,1.7089979040046028,0.03401072614996162,8,RandomForestClassifier,,,,
38,0.13950867652893068,0.003412689993265577,0.012044382095336915,0.0010656453680632923,True,balanced,gini,100,log2,10,2,10,"OrderedDict([('bootstrap', True), ('class_weight', 'balanced'), ('criterion', 'gini'), ('max_depth', 100), ('max_features', 'log2'), ('min_samples_leaf', 10), ('min_samples_split', 2), ('n_estimators', 10)])",1.6595730781250961,1.6038111207775991,1.6147641430084108,1.5135792031001722,1.546340767693869,1.5876136625410295,0.051695680221659115,95,RandomForestClassifier,,,,
39,3.7777766227722167,0.012273048382457281,0.10554022789001465,0.004065778307806602,True,balanced,entropy,64,sqrt,10,44,270,"OrderedDict([('bootstrap', True), ('class_weight', 'balanced'), ('criterion', 'entropy'), ('max_depth', 64), ('max_features', 'sqrt'), ('min_samples_leaf', 10), ('min_samples_split', 44), ('n_estimators', 270)])",1.7045674781302151,1.6907599935784952,1.7348758201908128,1.7052605866345818,1.7052332438667692,1.708139424480175,0.014466318591044653,11,RandomForestClassifier,,,,
40,16.99936170578003,0.10462642182185387,0.4820412635803223,0.014827446473625827,True,balanced,entropy,68,sqrt,10,32,1000,"OrderedDict([('bootstrap', True), ('class_weight', 'balanced'), ('criterion', 'entropy'), ('max_depth', 68), ('max_features', 'sqrt'), ('min_samples_leaf', 10), ('min_samples_split', 32), ('n_estimators', 1000)])",1.6804971126089225,1.6979312290462278,1.7268260113302785,1.6886016070050827,1.6848685712913738,1.6957449062563772,0.016568836395692794,48,RandomForestClassifier,,,,
41,11.287284517288208,0.06848742221896591,0.4159063816070557,0.01958673439265349,True,balanced,gini,100,log2,10,50,1000,"OrderedDict([('bootstrap', True), ('class_weight', 'balanced'), ('criterion', 'gini'), ('max_depth', 100), ('max_features', 'log2'), ('min_samples_leaf', 10), ('min_samples_split', 50), ('n_estimators', 1000)])",1.6674891403896936,1.701022874548068,1.733596007010202,1.6985969947827824,1.702248002193053,1.7005906037847598,0.020937869162444955,34,RandomForestClassifier,,,,
42,3.3654473781585694,0.024409441156926327,0.08779363632202149,0.006669487980716726,True,balanced,entropy,50,sqrt,6,50,186,"OrderedDict([('bootstrap', True), ('class_weight', 'balanced'), ('criterion', 'entropy'), ('max_depth', 50), ('max_features', 'sqrt'), ('min_samples_leaf', 6), ('min_samples_split', 50), ('n_estimators', 186)])",1.709206430004539,1.6996640003071461,1.7306107653364857,1.7093918948929725,1.7007553813561949,1.7099256943794678,0.011118196344807202,6,RandomForestClassifier,,,,
43,2.8172510623931886,0.026759726639409887,0.07139863967895507,0.0058895761604535095,True,balanced,entropy,44,sqrt,2,50,148,"OrderedDict([('bootstrap', True), ('class_weight', 'balanced'), ('criterion', 'entropy'), ('max_depth', 44), ('max_features', 'sqrt'), ('min_samples_leaf', 2), ('min_samples_split', 50), ('n_estimators', 148)])",1.669702212498732,1.6496567514077065,1.6880422450966521,1.694225536100331,1.6428594129599707,1.6688972316126787,0.020282340212396114,83,RandomForestClassifier,,,,
44,2.9043410778045655,0.036497751654373245,0.07215375900268554,0.00436478433356613,True,balanced,entropy,68,sqrt,7,50,178,"OrderedDict([('bootstrap', True), ('class_weight', 'balanced'), ('criterion', 'entropy'), ('max_depth', 68), ('max_features', 'sqrt'), ('min_samples_leaf', 7), ('min_samples_split', 50), ('n_estimators', 178)])",1.6764995509464682,1.7060874417348857,1.7532675710812307,1.6614913142744479,1.648589745883343,1.689187124784075,0.03733123071627833,61,RandomForestClassifier,,,,
45,3.782085990905762,0.044670285950849146,0.11478180885314941,0.00803322654395985,True,balanced,gini,43,sqrt,10,50,287,"OrderedDict([('bootstrap', True), ('class_weight', 'balanced'), ('criterion', 'gini'), ('max_depth', 43), ('max_features', 'sqrt'), ('min_samples_leaf', 10), ('min_samples_split', 50), ('n_estimators', 287)])",1.668768953570305,1.7023026877286789,1.7131249306066827,1.7056071408867655,1.6726601114046353,1.6924927648394135,0.01816623832194803,54,RandomForestClassifier,,,,
46,16.83464789390564,0.10196280937583409,0.40978379249572755,0.014251801019807653,True,balanced,entropy,100,sqrt,10,2,1000,"OrderedDict([('bootstrap', True), ('class_weight', 'balanced'), ('criterion', 'entropy'), ('max_depth', 100), ('max_features', 'sqrt'), ('min_samples_leaf', 10), ('min_samples_split', 2), ('n_estimators', 1000)])",1.7013420860324386,1.7078202129958042,1.7186424558738078,1.7125108831626255,1.699475568175584,1.7079582412480518,0.007079933540103693,12,RandomForestClassifier,,,,
47,22.408368635177613,0.09846699153387331,0.4759498119354248,0.016756023234612463,True,balanced,entropy,21,sqrt,10,25,1000,"OrderedDict([('bootstrap', True), ('class_weight', 'balanced'), ('criterion', 'entropy'), ('max_depth', 21), ('max_features', 'sqrt'), ('min_samples_leaf', 10), ('min_samples_split', 25), ('n_estimators', 1000)])",1.677058912854899,1.699423849883086,1.716350322704459,1.6949977056650092,1.707312569379871,1.6990286720974648,0.01317374442574607,38,RandomForestClassifier,,,,
48,20.392310762405394,0.14840689516246647,0.5851700782775879,0.03181465221078102,True,balanced,entropy,25,sqrt,10,2,1000,"OrderedDict([('bootstrap', True), ('class_weight', 'balanced'), ('criterion', 'entropy'), ('max_depth', 25), ('max_features', 'sqrt'), ('min_samples_leaf', 10), ('min_samples_split', 2), ('n_estimators', 1000)])",1.6933986810000279,1.7356753325233034,1.7075010015114336,1.7012083394365018,1.6744992864936774,1.7024565281929889,0.01997070658025297,28,RandomForestClassifier,,,,
49,4.46125340461731,0.05245618296781167,0.12136960029602051,0.015076567414081086,True,balanced,entropy,56,sqrt,9,50,242,"OrderedDict([('bootstrap', True), ('class_weight', 'balanced'), ('criterion', 'entropy'), ('max_depth', 56), ('max_features', 'sqrt'), ('min_samples_leaf', 9), ('min_samples_split', 50), ('n_estimators', 242)])",1.7001960194477643,1.6796185392161211,1.769181723913865,1.7288779940755672,1.663011277879119,1.7081771109064874,0.03760141402416191,10,RandomForestClassifier,,,,
50,14.521790790557862,0.05218152513570464,0.5889265060424804,0.0600865665014548,True,balanced,entropy,79,log2,5,50,1000,"OrderedDict([('bootstrap', True), ('class_weight', 'balanced'), ('criterion', 'entropy'), ('max_depth', 79), ('max_features', 'log2'), ('min_samples_leaf', 5), ('min_samples_split', 50), ('n_estimators', 1000)])",1.676818762430839,1.6760465928661608,1.755453300422456,1.700648977528071,1.6822298838698408,1.6982395034234734,0.029956319782082613,40,RandomForestClassifier,,,,
51,15.895679807662964,0.11185340755000046,0.438643217086792,0.014422814957045315,True,balanced,entropy,24,log2,6,2,1000,"OrderedDict([('bootstrap', True), ('class_weight', 'balanced'), ('criterion', 'entropy'), ('max_depth', 24), ('max_features', 'log2'), ('min_samples_leaf', 6), ('min_samples_split', 2), ('n_estimators', 1000)])",1.66015978280134,1.6784451298636336,1.7604114637811508,1.6843365521507552,1.669434719306859,1.6905575295807478,0.03587528127693929,58,RandomForestClassifier,,,,
52,1.4548863410949706,0.037488364523819734,0.048465394973754884,0.0026244936622924443,True,balanced,gini,55,sqrt,10,44,118,"OrderedDict([('bootstrap', True), ('class_weight', 'balanced'), ('criterion', 'gini'), ('max_depth', 55), ('max_features', 'sqrt'), ('min_samples_leaf', 10), ('min_samples_split', 44), ('n_estimators', 118)])",1.6785788764595704,1.655441769866705,1.7157636180282152,1.6984905909546584,1.6788980879439408,1.6854345886506181,0.020394141457240982,70,RandomForestClassifier,,,,
53,4.763993263244629,0.025867032976148983,0.1314863681793213,0.004476474499588893,True,balanced,entropy,52,sqrt,10,50,353,"OrderedDict([('bootstrap', True), ('class_weight', 'balanced'), ('criterion', 'entropy'), ('max_depth', 52), ('max_features', 'sqrt'), ('min_samples_leaf', 10), ('min_samples_split', 50), ('n_estimators', 353)])",1.68143037153735,1.6886016070050824,1.7391408750451403,1.712538225930438,1.7265311753705928,1.709648450977721,0.021919899215494535,7,RandomForestClassifier,,,,
54,4.613716125488281,0.010207084405903753,0.14711151123046876,0.0031082660811534157,True,balanced,entropy,26,log2,10,50,423,"OrderedDict([('bootstrap', True), ('class_weight', 'balanced'), ('criterion', 'entropy'), ('max_depth', 26), ('max_features', 'log2'), ('min_samples_leaf', 10), ('min_samples_split', 50), ('n_estimators', 423)])",1.686069323411674,1.6580804572882375,1.762864686314249,1.6957181569371893,1.6495230048117702,1.6904511257526242,0.04003407754163158,59,RandomForestClassifier,,,,
55,13.879138469696045,0.12841946799636886,0.3942429065704346,0.031272616881893665,True,balanced,entropy,92,sqrt,10,50,1000,"OrderedDict([('bootstrap', True), ('class_weight', 'balanced'), ('criterion', 'entropy'), ('max_depth', 92), ('max_features', 'sqrt'), ('min_samples_leaf', 10), ('min_samples_split', 50), ('n_estimators', 1000)])",1.6687689535703047,1.6730613511924448,1.7430320328794708,1.7030748572933563,1.674900526281487,1.6925675442434127,0.027985911633760064,53,RandomForestClassifier,,,,
56,6.29357943534851,0.05443250176059127,0.1652754306793213,0.009584328365768566,True,balanced,entropy,59,sqrt,7,50,444,"OrderedDict([('bootstrap', True), ('class_weight', 'balanced'), ('criterion', 'entropy'), ('max_depth', 59), ('max_features', 'sqrt'), ('min_samples_leaf', 7), ('min_samples_split', 50), ('n_estimators', 444)])",1.675806442442101,1.6864949387241677,1.7496956247312707,1.6769798517945882,1.6472308716424213,1.6872415458669097,0.033876208159974296,67,RandomForestClassifier,,,,
57,23.491803932189942,0.11539175043246058,0.612128210067749,0.023568752752129832,True,balanced,entropy,73,sqrt,1,2,1000,"OrderedDict([('bootstrap', True), ('class_weight', 'balanced'), ('criterion', 'entropy'), ('max_depth', 73), ('max_features', 'sqrt'), ('min_samples_leaf', 1), ('min_samples_split', 2), ('n_estimators', 1000)])",1.6946784941806388,1.6830567389701445,1.7130185267785587,1.6383024893890852,1.619509498710858,1.669713149605857,0.03516734746144693,82,RandomForestClassifier,,,,
58,2.5507896900177003,0.027097037525065194,0.07588882446289062,0.0043505311813041795,True,balanced,gini,100,sqrt,10,50,212,"OrderedDict([('bootstrap', True), ('class_weight', 'balanced'), ('criterion', 'gini'), ('max_depth', 100), ('max_features', 'sqrt'), ('min_samples_leaf', 10), ('min_samples_split', 50), ('n_estimators', 212)])",1.683482354282639,1.6886016070050829,1.720028672882542,1.710537961477647,1.6929183801519079,1.699113795159964,0.013864882956819024,37,RandomForestClassifier,,,,
59,3.476110553741455,0.023535311321074073,0.09735603332519531,0.0022563376081208525,True,balanced,entropy,33,sqrt,10,2,240,"OrderedDict([('bootstrap', True), ('class_weight', 'balanced'), ('criterion', 'entropy'), ('max_depth', 33), ('max_features', 'sqrt'), ('min_samples_leaf', 10), ('min_samples_split', 2), ('n_estimators', 240)])",1.7086197253282953,1.7096593880848459,1.7355415859273673,1.733942561262385,1.6457382508055634,1.7067003022816913,0.03256615547006392,15,RandomForestClassifier,,,,
60,15.421671867370605,0.12089322382456937,0.3931121349334717,0.017646300666996288,True,balanced,entropy,54,sqrt,10,2,1000,"OrderedDict([('bootstrap', True), ('class_weight', 'balanced'), ('criterion', 'entropy'), ('max_depth', 54), ('max_features', 'sqrt'), ('min_samples_leaf', 10), ('min_samples_split', 2), ('n_estimators', 1000)])",1.697450928198108,1.6858565157554264,1.740952707366369,1.6751406767055466,1.7121369861426292,1.702307562833616,0.022901215296976123,30,RandomForestClassifier,,,,
61,15.190988349914551,0.061294915228620996,0.41637444496154785,0.008693320119858189,True,balanced,entropy,100,sqrt,10,2,1000,"OrderedDict([('bootstrap', True), ('class_weight', 'balanced'), ('criterion', 'entropy'), ('max_depth', 100), ('max_features', 'sqrt'), ('min_samples_leaf', 10), ('min_samples_split', 2), ('n_estimators', 1000)])",1.6714349837596505,1.6998768079633935,1.7453241660488197,1.7079266168239273,1.6868141502085388,1.702275344960866,0.024823647083585237,31,RandomForestClassifier,,,,
62,4.910419893264771,0.040167889197633616,0.14395751953125,0.008529281460528157,True,balanced,entropy,31,log2,10,2,334,"OrderedDict([('bootstrap', True), ('class_weight', 'balanced'), ('criterion', 'entropy'), ('max_depth', 31), ('max_features', 'log2'), ('min_samples_leaf', 10), ('min_samples_split', 2), ('n_estimators', 334)])",1.6406463408509322,1.700223362215577,1.727731927490893,1.759958505700843,1.7050204362105221,1.7067161144937537,0.03920883258547525,14,RandomForestClassifier,,,,
63,5.043117237091065,0.01461103000727252,0.2071605682373047,0.003355345149034799,True,balanced,entropy,100,log2,10,2,374,"OrderedDict([('bootstrap', True), ('class_weight', 'balanced'), ('criterion', 'entropy'), ('max_depth', 100), ('max_features', 'log2'), ('min_samples_leaf', 10), ('min_samples_split', 2), ('n_estimators', 374)])",1.6852424683113698,1.6718088807796467,1.7296531308833738,1.720241480538789,1.6743928826655534,1.6962677686357466,0.024031755464069993,45,RandomForestClassifier,,,,
64,14.010409259796143,0.05834326790001901,0.43253769874572756,0.013893741294805013,True,balanced,gini,48,sqrt,10,50,1000,"OrderedDict([('bootstrap', True), ('class_weight', 'balanced'), ('criterion', 'gini'), ('max_depth', 48), ('max_features', 'sqrt'), ('min_samples_leaf', 10), ('min_samples_split', 50), ('n_estimators', 1000)])",1.6725019892840143,1.6993965071152735,1.7406334958819982,1.7030748572933565,1.669462062074672,1.6970137823298628,0.025709993017615708,42,RandomForestClassifier,,,,
65,1.9268611907958983,0.011990992049841581,0.06615562438964843,0.0023789866091843688,True,balanced,entropy,43,log2,10,50,152,"OrderedDict([('bootstrap', True), ('class_weight', 'balanced'), ('criterion', 'entropy'), ('max_depth', 43), ('max_features', 'log2'), ('min_samples_leaf', 10), ('min_samples_split', 50), ('n_estimators', 152)])",1.6870816434004117,1.6714349837596503,1.7581740161474275,1.6983841871265346,1.6527757396773595,1.6935701140222768,0.03575775353848922,52,RandomForestClassifier,,,,
66,3.7757055282592775,0.02553972756739277,0.1043370246887207,0.003331441222986059,True,balanced,entropy,49,sqrt,10,2,238,"OrderedDict([('bootstrap', True), ('class_weight', 'balanced'), ('criterion', 'entropy'), ('max_depth', 49), ('max_features', 'sqrt'), ('min_samples_leaf', 10), ('min_samples_split', 2), ('n_estimators', 238)])",1.6940644467365824,1.6850296606551225,1.7200013301147294,1.7003297660437002,1.684974975119497,1.6968800357339262,0.012935101794709374,44,RandomForestClassifier,,,,
67,12.075851583480835,0.044801360231486634,0.42944726943969724,0.00844099482655998,True,balanced,gini,27,log2,10,2,1000,"OrderedDict([('bootstrap', True), ('class_weight', 'balanced'), ('criterion', 'gini'), ('max_depth', 27), ('max_features', 'log2'), ('min_samples_leaf', 10), ('min_samples_split', 2), ('n_estimators', 1000)])",1.6818833296176572,1.6807646058007952,1.7682758077532506,1.723120318384382,1.7068869540673768,1.7121862031246924,0.03224674118617299,3,RandomForestClassifier,,,,
68,20.8960214138031,0.07459071343841343,0.5053531169891358,0.017498765271482742,False,balanced,entropy,25,log2,10,2,1000,"OrderedDict([('bootstrap', False), ('class_weight', 'balanced'), ('criterion', 'entropy'), ('max_depth', 25), ('max_features', 'log2'), ('min_samples_leaf', 10), ('min_samples_split', 2), ('n_estimators', 1000)])",1.6784177870958208,1.6601871255691523,1.7080603634198643,1.7211747394672163,1.6780712328436371,1.689182249679138,0.02218083926828736,62,RandomForestClassifier,,,,
69,7.153066968917846,0.05191280255303667,0.21288132667541504,0.00876867604206717,True,balanced,entropy,27,sqrt,10,2,414,"OrderedDict([('bootstrap', True), ('class_weight', 'balanced'), ('criterion', 'entropy'), ('max_depth', 27), ('max_features', 'sqrt'), ('min_samples_leaf', 10), ('min_samples_split', 2), ('n_estimators', 414)])",1.6675164831575067,1.6865222814919807,1.7587060352880453,1.7140308467672964,1.6528548007376704,1.6959260894884998,0.037469393061785046,47,RandomForestClassifier,,,,
70,6.060356998443604,0.03368208422483838,0.18463926315307616,0.004757294129273661,True,balanced,entropy,100,log2,7,50,437,"OrderedDict([('bootstrap', True), ('class_weight', 'balanced'), ('criterion', 'entropy'), ('max_depth', 100), ('max_features', 'log2'), ('min_samples_leaf', 7), ('min_samples_split', 50), ('n_estimators', 437)])",1.6605063370535234,1.6553353660385814,1.7131249306066827,1.7045948208980275,1.6683950565503083,1.6803913022294246,0.023767298674952402,74,RandomForestClassifier,,,,
71,14.680601406097413,0.09636973680238888,0.4552464962005615,0.010273380914897753,True,balanced,gini,89,sqrt,10,2,1000,"OrderedDict([('bootstrap', True), ('class_weight', 'balanced'), ('criterion', 'gini'), ('max_depth', 89), ('max_features', 'sqrt'), ('min_samples_leaf', 10), ('min_samples_split', 2), ('n_estimators', 1000)])",1.686494938724168,1.7370615495320383,1.7161101722803986,1.7234668726365654,1.6741527322414935,1.7074572530829328,0.023478522223044584,13,RandomForestClassifier,,,,
72,15.556868362426759,0.07286173837091116,0.4801292419433594,0.012165815646052396,True,balanced,gini,32,sqrt,10,2,1000,"OrderedDict([('bootstrap', True), ('class_weight', 'balanced'), ('criterion', 'gini'), ('max_depth', 32), ('max_features', 'sqrt'), ('min_samples_leaf', 10), ('min_samples_split', 2), ('n_estimators', 1000)])",1.67095468291153,1.702755645808986,1.7106990508413968,1.7091000261764149,1.6991290139234,1.6985276839323458,0.014411275013980143,39,RandomForestClassifier,,,,
73,1.6914392948150634,0.014886906553649621,0.06476864814758301,0.005121939665151628,True,balanced,gini,80,log2,10,50,174,"OrderedDict([('bootstrap', True), ('class_weight', 'balanced'), ('criterion', 'gini'), ('max_depth', 80), ('max_features', 'log2'), ('min_samples_leaf', 10), ('min_samples_split', 50), ('n_estimators', 174)])",1.6534961909495398,1.6421936472234162,1.7371952961279749,1.6938789818481477,1.6830567389701445,1.6819641710238447,0.033423806051482985,72,RandomForestClassifier,,,,
74,13.330553865432739,0.07776281535985553,0.40716023445129396,0.015325617438734436,True,balanced,gini,100,sqrt,10,2,1000,"OrderedDict([('bootstrap', True), ('class_weight', 'balanced'), ('criterion', 'gini'), ('max_depth', 100), ('max_features', 'sqrt'), ('min_samples_leaf', 10), ('min_samples_split', 2), ('n_estimators', 1000)])",1.6738335207571227,1.7103524965892134,1.7164567265325823,1.7060874417348855,1.723652337525,1.7060765046277606,0.01717296214741044,16,RandomForestClassifier,,,,
75,18.001332569122315,0.044593705227200554,0.497113037109375,0.007180552325480642,True,balanced,gini,87,sqrt,10,2,1000,"OrderedDict([('bootstrap', True), ('class_weight', 'balanced'), ('criterion', 'gini'), ('max_depth', 87), ('max_features', 'sqrt'), ('min_samples_leaf', 10), ('min_samples_split', 2), ('n_estimators', 1000)])",1.6674100793293831,1.6623728549103776,1.751428395992189,1.7212811432953399,1.7102978110535876,1.7025580569161753,0.033612493474189674,27,RandomForestClassifier,,,,
76,1.909137773513794,0.03675993771649812,0.06326313018798828,0.013131309883844571,True,balanced,gini,34,sqrt,10,4,106,"OrderedDict([('bootstrap', True), ('class_weight', 'balanced'), ('criterion', 'gini'), ('max_depth', 34), ('max_features', 'sqrt'), ('min_samples_leaf', 10), ('min_samples_split', 4), ('n_estimators', 106)])",1.7018223868805589,1.6662640127447081,1.6924654220716007,1.71080545466952,1.627240096087022,1.6797194744906818,0.030174395397293764,76,RandomForestClassifier,,,,
77,15.275363636016845,0.14223952256032832,0.5195315837860107,0.033399570898640006,True,balanced,entropy,41,log2,10,29,1000,"OrderedDict([('bootstrap', True), ('class_weight', 'balanced'), ('criterion', 'entropy'), ('max_depth', 41), ('max_features', 'log2'), ('min_samples_leaf', 10), ('min_samples_split', 29), ('n_estimators', 1000)])",1.6504836065080106,1.7142436544235438,1.750416076003451,1.6832695466263912,1.6825764381220243,1.6961978643366844,0.03378681114271507,46,RandomForestClassifier,,,,
78,17.261381816864013,0.16825419284908052,0.5038307189941407,0.017193669975495388,True,balanced,gini,81,sqrt,1,50,1000,"OrderedDict([('bootstrap', True), ('class_weight', 'balanced'), ('criterion', 'gini'), ('max_depth', 81), ('max_features', 'sqrt'), ('min_samples_leaf', 1), ('min_samples_split', 50), ('n_estimators', 1000)])",1.6590927772769757,1.6512040577801903,1.74175221969886,1.6984632481868456,1.6543474215745284,1.68097194490348,0.034853630562855446,73,RandomForestClassifier,,,,
79,29.370628452301027,0.19260733993784906,0.5782763004302979,0.05002470205447349,False,balanced,entropy,100,sqrt,10,17,1000,"OrderedDict([('bootstrap', False), ('class_weight', 'balanced'), ('criterion', 'entropy'), ('max_depth', 100), ('max_features', 'sqrt'), ('min_samples_leaf', 10), ('min_samples_split', 17), ('n_estimators', 1000)])",1.6733805626768155,1.693878981848148,1.6825764381220243,1.7059810379067621,1.671726852476208,1.6855087746059916,0.012921357772141134,69,RandomForestClassifier,,,,
80,6.967504358291626,0.10542699836465017,0.24770450592041016,0.00810183674516927,True,balanced,gini,65,sqrt,10,2,456,"OrderedDict([('bootstrap', True), ('class_weight', 'balanced'), ('criterion', 'gini'), ('max_depth', 65), ('max_features', 'sqrt'), ('min_samples_leaf', 10), ('min_samples_split', 2), ('n_estimators', 456)])",1.6841237444945085,1.6821508228095299,1.7542798910699686,1.7403933454579377,1.7052332438667692,1.7132362095397426,0.029325682169639596,2,RandomForestClassifier,,,,
81,16.89206027984619,0.09306841039201762,0.5715954780578614,0.03898437094236124,True,balanced,gini,62,sqrt,10,2,1000,"OrderedDict([('bootstrap', True), ('class_weight', 'balanced'), ('criterion', 'gini'), ('max_depth', 62), ('max_features', 'sqrt'), ('min_samples_leaf', 10), ('min_samples_split', 2), ('n_estimators', 1000)])",1.6893737765697605,1.6990499528630896,1.7240535773128096,1.71080545466952,1.6814030287695367,1.7009371580369437,0.015169757144567106,33,RandomForestClassifier,,,,
82,6.030580615997314,0.0553716935852174,0.2343151569366455,0.003911657587517745,True,balanced,gini,59,log2,10,44,525,"OrderedDict([('bootstrap', True), ('class_weight', 'balanced'), ('criterion', 'gini'), ('max_depth', 59), ('max_features', 'log2'), ('min_samples_leaf', 10), ('min_samples_split', 44), ('n_estimators', 525)])",1.6943319399284553,1.6595730781250957,1.728558782591197,1.7279447351471395,1.7044337315342784,1.7029684534652332,0.025450243999738265,25,RandomForestClassifier,,,,
83,16.376345586776733,0.12867011852154292,0.5182048320770264,0.020643441820449276,True,balanced,gini,100,sqrt,10,2,1000,"OrderedDict([('bootstrap', True), ('class_weight', 'balanced'), ('criterion', 'gini'), ('max_depth', 100), ('max_features', 'sqrt'), ('min_samples_leaf', 10), ('min_samples_split', 2), ('n_estimators', 1000)])",1.6822572266376539,1.6843365521507554,1.7395938331254475,1.7321033861733433,1.7182412160859983,1.7113064428346398,0.023883100078948644,5,RandomForestClassifier,,,,
84,14.505685234069825,0.033843602933704794,0.45320539474487304,0.004852303139530427,True,balanced,entropy,25,log2,10,50,1000,"OrderedDict([('bootstrap', True), ('class_weight', 'balanced'), ('criterion', 'entropy'), ('max_depth', 25), ('max_features', 'log2'), ('min_samples_leaf', 10), ('min_samples_split', 50), ('n_estimators', 1000)])",1.672553707576512,1.653708998605787,1.7375145076123455,1.687428197652595,1.680123215588926,1.686265725407233,0.027976702232787545,68,RandomForestClassifier,,,,
85,18.977975845336914,0.11091617756324014,0.6003799915313721,0.02650705932989474,True,balanced,entropy,71,sqrt,10,2,1000,"OrderedDict([('bootstrap', True), ('class_weight', 'balanced'), ('criterion', 'entropy'), ('max_depth', 71), ('max_features', 'sqrt'), ('min_samples_leaf', 10), ('min_samples_split', 2), ('n_estimators', 1000)])",1.6991563566912133,1.7056344836545787,1.7237070230606262,1.7003297660437002,1.6868141502085388,1.7031283559317316,0.011996036084238795,23,RandomForestClassifier,,,,
86,3.6574315071105956,0.06857592236469401,0.10761737823486328,0.01021130473968493,True,balanced,entropy,65,sqrt,10,2,195,"OrderedDict([('bootstrap', True), ('class_weight', 'balanced'), ('criterion', 'entropy'), ('max_depth', 65), ('max_features', 'sqrt'), ('min_samples_leaf', 10), ('min_samples_split', 2), ('n_estimators', 195)])",1.6803907087807992,1.6819653579210958,1.7316777708608497,1.7256799447456035,1.6817495830217206,1.7002926730660135,0.02326096635200943,36,RandomForestClassifier,,,,
87,8.001536321640014,0.054096181980883555,0.22416982650756836,0.010970703291407131,True,balanced,gini,60,sqrt,10,18,496,"OrderedDict([('bootstrap', True), ('class_weight', 'balanced'), ('criterion', 'gini'), ('max_depth', 60), ('max_features', 'sqrt'), ('min_samples_leaf', 10), ('min_samples_split', 18), ('n_estimators', 496)])",1.6999832117915168,1.7032359466571059,1.721867847971584,1.6916932525069222,1.6886806680653934,1.7010921853985046,0.011660526507460299,32,RandomForestClassifier,,,,
88,4.9705445766448975,0.054141376671644065,0.15077600479125977,0.009761338663008969,True,balanced,gini,100,sqrt,10,2,297,"OrderedDict([('bootstrap', True), ('class_weight', 'balanced'), ('criterion', 'gini'), ('max_depth', 100), ('max_features', 'sqrt'), ('min_samples_leaf', 10), ('min_samples_split', 2), ('n_estimators', 297)])",1.6624792587385016,1.689747673589757,1.70310220006117,1.6822572266376534,1.7337814718986362,1.6942735661851436,0.023725823466848484,50,RandomForestClassifier,,,,
89,7.910127782821656,0.04459292429701347,0.23880562782287598,0.012606961619909852,True,balanced,gini,25,log2,1,2,392,"OrderedDict([('bootstrap', True), ('class_weight', 'balanced'), ('criterion', 'gini'), ('max_depth', 25), ('max_features', 'log2'), ('min_samples_leaf', 1), ('min_samples_split', 2), ('n_estimators', 392)])",1.633529790918825,1.6535479092420373,1.6931068122834703,1.6658627729568984,1.5980778206110986,1.648825021202466,0.03188319342510027,90,RandomForestClassifier,,,,
90,1.9831066131591797,0.02187014948121847,0.05806875228881836,0.006026762891311234,True,balanced,entropy,38,sqrt,7,50,121,"OrderedDict([('bootstrap', True), ('class_weight', 'balanced'), ('criterion', 'entropy'), ('max_depth', 38), ('max_features', 'sqrt'), ('min_samples_leaf', 7), ('min_samples_split', 50), ('n_estimators', 121)])",1.6825764381220245,1.6584270115404212,1.7302642110843023,1.6742864788374294,1.6410749234065547,1.6773258125981463,0.03003522032874273,78,RandomForestClassifier,,,,
91,12.756864023208617,0.03757295367185691,0.44975972175598145,0.012253484268027462,True,balanced,gini,90,log2,6,4,956,"OrderedDict([('bootstrap', True), ('class_weight', 'balanced'), ('criterion', 'gini'), ('max_depth', 90), ('max_features', 'log2'), ('min_samples_leaf', 6), ('min_samples_split', 4), ('n_estimators', 956)])",1.6981440367024754,1.688948161257266,1.7558271974424526,1.7035551581414767,1.6792172994283117,1.7051383705943963,0.02666386785247899,18,RandomForestClassifier,,,,
92,16.715000486373903,0.039519951715869785,0.5647371292114258,0.005465779798188495,True,balanced,gini,100,sqrt,8,2,1000,"OrderedDict([('bootstrap', True), ('class_weight', 'balanced'), ('criterion', 'gini'), ('max_depth', 100), ('max_features', 'sqrt'), ('min_samples_leaf', 8), ('min_samples_split', 2), ('n_estimators', 1000)])",1.6990499528630898,1.6774328098748956,1.7289843979036912,1.6831631427982676,1.6491764505595867,1.6875613507999063,0.026241909039104398,66,RandomForestClassifier,,,,
93,15.271790409088135,0.10694876751477601,0.5318405151367187,0.02488877229414616,True,balanced,entropy,27,log2,10,2,1000,"OrderedDict([('bootstrap', True), ('class_weight', 'balanced'), ('criterion', 'entropy'), ('max_depth', 27), ('max_features', 'log2'), ('min_samples_leaf', 10), ('min_samples_split', 2), ('n_estimators', 1000)])",1.6722344960921411,1.6778857679552026,1.7584932276317982,1.723120318384382,1.6837498474745118,1.7030967315076073,0.03296084948577512,24,RandomForestClassifier,,,,
94,19.534401607513427,0.0960766320806916,0.5255022525787354,0.016358068427637297,True,balanced,entropy,85,sqrt,10,2,1000,"OrderedDict([('bootstrap', True), ('class_weight', 'balanced'), ('criterion', 'entropy'), ('max_depth', 85), ('max_features', 'sqrt'), ('min_samples_leaf', 10), ('min_samples_split', 2), ('n_estimators', 1000)])",1.6819106723854702,1.723360468808442,1.7526018053446764,1.7096320453170328,1.702007851768993,1.713902568724923,0.023538419156667295,1,RandomForestClassifier,,,,
95,18.03529691696167,0.1399384719054406,0.47313580513000486,0.021539584486057715,True,balanced,entropy,84,sqrt,10,2,1000,"OrderedDict([('bootstrap', True), ('class_weight', 'balanced'), ('criterion', 'entropy'), ('max_depth', 84), ('max_features', 'sqrt'), ('min_samples_leaf', 10), ('min_samples_split', 2), ('n_estimators', 1000)])",1.6775118709352064,1.7042482666458443,1.7316777708608493,1.680071497296428,1.6915321631431732,1.6970083137763001,0.019755219228225335,43,RandomForestClassifier,,,,
96,13.590794658660888,0.04856525266811506,0.49799718856811526,0.019170474554807006,True,balanced,gini,92,log2,10,2,1000,"OrderedDict([('bootstrap', True), ('class_weight', 'balanced'), ('criterion', 'gini'), ('max_depth', 92), ('max_features', 'log2'), ('min_samples_leaf', 10), ('min_samples_split', 2), ('n_estimators', 1000)])",1.6921735533550428,1.6873491365922846,1.7209345890431567,1.7183749626819342,1.6837498474745118,1.7005164178293861,0.01587405369931988,35,RandomForestClassifier,,,,
97,15.566192579269408,0.09229320421277785,0.5322803974151611,0.022658336254082104,True,balanced,entropy,36,log2,5,50,1000,"OrderedDict([('bootstrap', True), ('class_weight', 'balanced'), ('criterion', 'entropy'), ('max_depth', 36), ('max_features', 'log2'), ('min_samples_leaf', 5), ('min_samples_split', 50), ('n_estimators', 1000)])",1.6574146915516834,1.6919334029309825,1.7367149952798548,1.694572090352515,1.6811902211132896,1.6923650802456653,0.025761907339886293,56,RandomForestClassifier,,,,
98,0.940131425857544,0.014800962758761303,0.04244761466979981,0.0044719535346483975,True,balanced,entropy,60,sqrt,10,2,57,"OrderedDict([('bootstrap', True), ('class_weight', 'balanced'), ('criterion', 'entropy'), ('max_depth', 60), ('max_features', 'sqrt'), ('min_samples_leaf', 10), ('min_samples_split', 2), ('n_estimators', 57)])",1.6991563566912133,1.6245223476051787,1.675566292018041,1.6824700342939005,1.5874683853893423,1.653836683199535,0.04149698477058737,89,RandomForestClassifier,,,,
99,4.481007051467896,0.03407780423407227,0.18208389282226561,0.009545266379630752,True,balanced,gini,82,log2,10,2,351,"OrderedDict([('bootstrap', True), ('class_weight', 'balanced'), ('criterion', 'gini'), ('max_depth', 82), ('max_features', 'log2'), ('min_samples_leaf', 10), ('min_samples_split', 2), ('n_estimators', 351)])",1.6884678604091463,1.717256238865073,1.740739899710122,1.7084069176720476,1.7043273277061548,1.711839648872509,0.017198971215754404,4,RandomForestClassifier,,,,
0,0.41085615158081057,0.09942862801756454,0.01075572967529297,0.002651563385620831,,balanced,,,,,,,"OrderedDict([('C', 0.01592499032163409), ('class_weight', 'balanced'), ('max_iter', 1000000), ('penalty', 'l2'), ('solver', 'lbfgs')])",1.3485034359235928,1.3969604112074199,1.5901344155786878,1.526347024895341,1.640673683618745,1.5005237942447573,0.11151184496622846,28,LogisticRegression,0.01592499032163409,1000000,l2,lbfgs
1,0.343049144744873,0.09545056999471717,0.009351539611816406,0.0008123081226408737,,balanced,,,,,,,"OrderedDict([('C', 5594575.138586148), ('class_weight', 'balanced'), ('max_iter', 1000000), ('penalty', 'l2'), ('solver', 'lbfgs')])",1.3459711523301836,1.4069557989851196,1.5062498455118185,1.562786939667121,1.640673683618745,1.4925274840225975,0.10571022883938655,59,LogisticRegression,5594575.138586148,1000000,l2,lbfgs
2,0.38799376487731935,0.08946607161964715,0.012003183364868164,0.001974349962794462,,balanced,,,,,,,"OrderedDict([('C', 0.07882250741043163), ('class_weight', 'balanced'), ('max_iter', 1000000), ('penalty', 'l2'), ('solver', 'lbfgs')])",1.3485034359235928,1.3969604112074199,1.5697150574676662,1.562786939667121,1.640673683618745,1.5037279055769088,0.11143639771537724,21,LogisticRegression,0.07882250741043163,1000000,l2,lbfgs
3,0.32664127349853517,0.07606617581341894,0.016893577575683594,0.0052735357083445195,,balanced,,,,,,,"OrderedDict([('C', 1769781.9733350645), ('class_weight', 'balanced'), ('max_iter', 1000000), ('penalty', 'l2'), ('solver', 'lbfgs')])",1.3459711523301836,1.3969604112074199,1.5062498455118185,1.562786939667121,1.6090338100850385,1.4842004317603164,0.09895811547677931,86,LogisticRegression,1769781.9733350645,1000000,l2,lbfgs
4,0.4238471508026123,0.12537710275600059,0.011813688278198241,0.001767802130263276,,balanced,,,,,,,"OrderedDict([('C', 979645.2389085228), ('class_weight', 'balanced'), ('max_iter', 1000000), ('penalty', 'l2'), ('solver', 'lbfgs')])",1.3459711523301836,1.4094880825785283,1.5062498455118185,1.562786939667121,1.640673683618745,1.4930339407412794,0.10530432928077917,58,LogisticRegression,979645.2389085228,1000000,l2,lbfgs
5,0.42451162338256837,0.08744202211363462,0.01439075469970703,0.00561492555087489,,balanced,,,,,,,"OrderedDict([('C', 47924.805579040294), ('class_weight', 'balanced'), ('max_iter', 1000000), ('penalty', 'l2'), ('solver', 'lbfgs')])",1.3459711523301836,1.4069557989851196,1.5062498455118185,1.562786939667121,1.6090338100850385,1.4861995093158562,0.09726199015516578,80,LogisticRegression,47924.805579040294,1000000,l2,lbfgs
6,0.25194344520568845,0.07352165073706314,0.008078384399414062,0.001376820021804523,,balanced,,,,,,,"OrderedDict([('C', 219.57716323975464), ('class_weight', 'balanced'), ('max_iter', 1000000), ('penalty', 'l2'), ('solver', 'lbfgs')])",1.3485034359235928,1.4049311590076436,1.5062498455118185,1.526347024895341,1.6090338100850385,1.4790130550846867,0.09209628896064437,96,LogisticRegression,219.57716323975464,1000000,l2,lbfgs
7,0.26299424171447755,0.04436338435123378,0.009695720672607423,0.002872647980137037,,balanced,,,,,,,"OrderedDict([('C', 7.380084829647518), ('class_weight', 'balanced'), ('max_iter', 1000000), ('penalty', 'l2'), ('solver', 'lbfgs')])",1.3434388687367746,1.394428127614011,1.5901344155786878,1.5700372361951647,1.597758609126728,1.4991594514502733,0.10792538944673165,32,LogisticRegression,7.380084829647518,1000000,l2,lbfgs
8,0.3462874412536621,0.05363036853567261,0.009551763534545898,0.0018326181700498768,,balanced,,,,,,,"OrderedDict([('C', 1286944227.42043), ('class_weight', 'balanced'), ('max_iter', 1000000), ('penalty', 'l2'), ('solver', 'lbfgs')])",1.3648949223612192,1.3969604112074199,1.5062498455118185,1.562786939667121,1.6090338100850385,1.4879851857665234,0.09382791925684464,74,LogisticRegression,1286944227.42043,1000000,l2,lbfgs
9,0.09859256744384766,0.027741730679725057,0.014696216583251953,0.004565626364148418,,balanced,,,,,,,"OrderedDict([('C', 1.1819691600971999e-10), ('class_weight', 'balanced'), ('max_iter', 1000000), ('penalty', 'l2'), ('solver', 'lbfgs')])",1.184567800845431,1.1756120758242818,1.1291797405179307,1.2396122741638753,1.3057982018446945,1.2069540186392427,0.06061193392605876,100,LogisticRegression,1.1819691600971999e-10,1000000,l2,lbfgs
10,0.43304920196533203,0.10549520948747408,0.01504521369934082,0.007411191176675548,,balanced,,,,,,,"OrderedDict([('C', 0.34151239247887544), ('class_weight', 'balanced'), ('max_iter', 1000000), ('penalty', 'l2'), ('solver', 'lbfgs')])",1.3648949223612192,1.4069557989851196,1.6034889420501002,1.562786939667121,1.640673683618745,1.515760057336461,0.10964483981685066,1,LogisticRegression,0.34151239247887544,1000000,l2,lbfgs
11,0.3331323146820068,0.06955093056804534,0.011294031143188476,0.0017076689650201574,,balanced,,,,,,,"OrderedDict([('C', 10000000000.0), ('class_weight', 'balanced'), ('max_iter', 1000000), ('penalty', 'l2'), ('solver', 'lbfgs')])",1.363429644292174,1.4069557989851196,1.5062498455118185,1.562786939667121,1.6090338100850385,1.4896912077082543,0.0923547091505705,67,LogisticRegression,10000000000.0,1000000,l2,lbfgs
12,0.2084399700164795,0.059151230072285926,0.01175847053527832,0.002519789313958102,,balanced,,,,,,,"OrderedDict([('C', 0.0001485433932306856), ('class_weight', 'balanced'), ('max_iter', 1000000), ('penalty', 'l2'), ('solver', 'lbfgs')])",1.30156048975818,1.396215584410555,1.62420016887768,1.57222296553639,1.3955468514308724,1.4579492120027353,0.12071487003217175,97,LogisticRegression,0.0001485433932306856,1000000,l2,lbfgs
13,0.3298468589782715,0.0673530434976679,0.01024785041809082,0.002800098061826443,,balanced,,,,,,,"OrderedDict([('C', 0.4563283502794452), ('class_weight', 'balanced'), ('max_iter', 1000000), ('penalty', 'l2'), ('solver', 'lbfgs')])",1.3459711523301836,1.3994926948008288,1.5650790728364703,1.5700372361951647,1.597758609126728,1.4956677530578752,0.10240118000155796,43,LogisticRegression,0.4563283502794452,1000000,l2,lbfgs
14,0.3878134250640869,0.07190198478523756,0.011820363998413085,0.003942100249492582,,balanced,,,,,,,"OrderedDict([('C', 0.046386102686313664), ('class_weight', 'balanced'), ('max_iter', 1000000), ('penalty', 'l2'), ('solver', 'lbfgs')])",1.3459711523301836,1.3969604112074199,1.5901344155786878,1.5700372361951647,1.640673683618745,1.5087553797860402,0.11556580115716082,8,LogisticRegression,0.046386102686313664,1000000,l2,lbfgs
15,0.5158584117889404,0.11563928370371887,0.011692428588867187,0.00347030592940701,,balanced,,,,,,,"OrderedDict([('C', 125671215.13455556), ('class_weight', 'balanced'), ('max_iter', 1000000), ('penalty', 'l2'), ('solver', 'lbfgs')])",1.3485034359235928,1.4106614919310159,1.5062498455118185,1.562786939667121,1.640673683618745,1.4937750793304585,0.10441185314780073,53,LogisticRegression,125671215.13455556,1000000,l2,lbfgs
16,0.38936548233032225,0.0758611084815021,0.00987548828125,0.002069725977063147,,balanced,,,,,,,"OrderedDict([('C', 9917967550.116297), ('class_weight', 'balanced'), ('max_iter', 1000000), ('penalty', 'l2'), ('solver', 'lbfgs')])",1.363429644292174,1.4094880825785283,1.5062498455118185,1.562786939667121,1.6090338100850385,1.4901976644269361,0.09190546495544559,65,LogisticRegression,9917967550.116297,1000000,l2,lbfgs
17,0.3387789249420166,0.1033257818764736,0.012624406814575195,0.00412332497960945,,balanced,,,,,,,"OrderedDict([('C', 0.7140556152291441), ('class_weight', 'balanced'), ('max_iter', 1000000), ('penalty', 'l2'), ('solver', 'lbfgs')])",1.3674272059546282,1.4069557989851196,1.5062498455118185,1.526347024895341,1.640673683618745,1.4895307117931305,0.09613225331627845,68,LogisticRegression,0.7140556152291441,1000000,l2,lbfgs
18,0.4285616874694824,0.07593601423514419,0.011512851715087891,0.0037424259159636905,,balanced,,,,,,,"OrderedDict([('C', 0.07496246510533461), ('class_weight', 'balanced'), ('max_iter', 1000000), ('penalty', 'l2'), ('solver', 'lbfgs')])",1.3648949223612192,1.4094880825785283,1.5901344155786878,1.5700372361951647,1.640673683618745,1.515045668066469,0.10782619454445763,2,LogisticRegression,0.07496246510533461,1000000,l2,lbfgs
19,0.32169132232666015,0.02491848758087071,0.01011795997619629,0.002508985378390646,,balanced,,,,,,,"OrderedDict([('C', 0.06449871831396617), ('class_weight', 'balanced'), ('max_iter', 1000000), ('penalty', 'l2'), ('solver', 'lbfgs')])",1.3648949223612192,1.3861381683294163,1.5901344155786878,1.562786939667121,1.6169772151174493,1.504186332210779,0.10665866429819437,20,LogisticRegression,0.06449871831396617,1000000,l2,lbfgs
20,0.36880102157592776,0.08130167139843063,0.010091352462768554,0.0014784249573226668,,balanced,,,,,,,"OrderedDict([('C', 0.06884992130706162), ('class_weight', 'balanced'), ('max_iter', 1000000), ('penalty', 'l2'), ('solver', 'lbfgs')])",1.3459711523301836,1.4069557989851196,1.5697150574676662,1.5700372361951647,1.597758609126728,1.4980875708209722,0.1016719938627493,37,LogisticRegression,0.06884992130706162,1000000,l2,lbfgs
21,0.39109134674072266,0.10209564459138784,0.010705280303955077,0.0010632859135595776,,balanced,,,,,,,"OrderedDict([('C', 0.008693585529224359), ('class_weight', 'balanced'), ('max_iter', 1000000), ('penalty', 'l2'), ('solver', 'lbfgs')])",1.3485034359235928,1.4120203661719377,1.5062498455118185,1.562786939667121,1.640673683618745,1.494046854178643,0.10419670896355243,52,LogisticRegression,0.008693585529224359,1000000,l2,lbfgs
22,0.3571019649505615,0.09463992108174296,0.01028757095336914,0.0015202363590527176,,balanced,,,,,,,"OrderedDict([('C', 0.13589355843019316), ('class_weight', 'balanced'), ('max_iter', 1000000), ('penalty', 'l2'), ('solver', 'lbfgs')])",1.3459711523301836,1.3969604112074199,1.5062498455118185,1.5700372361951647,1.640673683618745,1.4919784657726665,0.10840080996180769,61,LogisticRegression,0.13589355843019316,1000000,l2,lbfgs
23,0.32293338775634767,0.0666034848104392,0.009938812255859375,0.0012472004039284924,,balanced,,,,,,,"OrderedDict([('C', 124289872.23002972), ('class_weight', 'balanced'), ('max_iter', 1000000), ('penalty', 'l2'), ('solver', 'lbfgs')])",1.3459711523301836,1.4103422804466454,1.5062498455118185,1.562786939667121,1.6090338100850385,1.4868768056081614,0.09671807849426509,77,LogisticRegression,124289872.23002972,1000000,l2,lbfgs
24,0.22479166984558105,0.02558948650508569,0.010594940185546875,0.0018048347135414043,,balanced,,,,,,,"OrderedDict([('C', 0.12964799350684625), ('class_weight', 'balanced'), ('max_iter', 1000000), ('penalty', 'l2'), ('solver', 'lbfgs')])",1.3648949223612192,1.3969604112074199,1.5062498455118185,1.562786939667121,1.5952263255333188,1.4852236888561794,0.09036388154953494,84,LogisticRegression,0.12964799350684625,1000000,l2,lbfgs
25,0.3686820030212402,0.09509352794657845,0.010336542129516601,0.002519077826318047,,balanced,,,,,,,"OrderedDict([('C', 9982986553.010153), ('class_weight', 'balanced'), ('max_iter', 1000000), ('penalty', 'l2'), ('solver', 'lbfgs')])",1.3459711523301836,1.4182856854790562,1.5062498455118185,1.562786939667121,1.640673683618745,1.494793461321385,0.10395856916253773,47,LogisticRegression,9982986553.010153,1000000,l2,lbfgs
26,0.35457806587219237,0.08046502436900825,0.010545682907104493,0.002097318913121584,,balanced,,,,,,,"OrderedDict([('C', 2069.334668935136), ('class_weight', 'balanced'), ('max_iter', 1000000), ('penalty', 'l2'), ('solver', 'lbfgs')])",1.3459711523301836,1.4094880825785283,1.5062498455118185,1.5700372361951647,1.6090338100850385,1.4881560253401467,0.0980291193426991,73,LogisticRegression,2069.334668935136,1000000,l2,lbfgs
27,0.4949645519256592,0.08537403739928322,0.014448451995849609,0.007189377073460206,,balanced,,,,,,,"OrderedDict([('C', 0.15834111907744552), ('class_weight', 'balanced'), ('max_iter', 1000000), ('penalty', 'l2'), ('solver', 'lbfgs')])",1.3459711523301836,1.4094880825785283,1.5697150574676662,1.5700372361951647,1.6090338100850385,1.5008490677313162,0.10350600365483976,27,LogisticRegression,0.15834111907744552,1000000,l2,lbfgs
28,0.4682121753692627,0.09799193008562297,0.011368274688720703,0.0021323167551011903,,balanced,,,,,,,"OrderedDict([('C', 0.145131562606294), ('class_weight', 'balanced'), ('max_iter', 1000000), ('penalty', 'l2'), ('solver', 'lbfgs')])",1.3485034359235928,1.4069557989851196,1.5643039360286644,1.552311251041301,1.640673683618745,1.5025496211194844,0.10792263698348106,23,LogisticRegression,0.145131562606294,1000000,l2,lbfgs
29,0.3296528339385986,0.1069308485404103,0.013050222396850586,0.002413906412037157,,balanced,,,,,,,"OrderedDict([('C', 11.946756870172782), ('class_weight', 'balanced'), ('max_iter', 1000000), ('penalty', 'l2'), ('solver', 'lbfgs')])",1.3485034359235928,1.3969604112074199,1.5062498455118185,1.562786939667121,1.6090338100850385,1.484706888478998,0.09825334761612604,85,LogisticRegression,11.946756870172782,1000000,l2,lbfgs
30,0.4488668441772461,0.04001197209842467,0.009828281402587891,0.0018131355034666432,,balanced,,,,,,,"OrderedDict([('C', 0.0689937460634993), ('class_weight', 'balanced'), ('max_iter', 1000000), ('penalty', 'l2'), ('solver', 'lbfgs')])",1.3459711523301836,1.4094880825785283,1.5697150574676662,1.562786939667121,1.640673683618745,1.505726983132449,0.10985879639260163,15,LogisticRegression,0.0689937460634993,1000000,l2,lbfgs
31,0.4121506690979004,0.10425225712173498,0.011348628997802734,0.002573000150191636,,balanced,,,,,,,"OrderedDict([('C', 9991357195.468021), ('class_weight', 'balanced'), ('max_iter', 1000000), ('penalty', 'l2'), ('solver', 'lbfgs')])",1.3459711523301836,1.4069557989851196,1.5062498455118185,1.562786939667121,1.6090338100850385,1.4861995093158562,0.09726199015516578,80,LogisticRegression,9991357195.468021,1000000,l2,lbfgs
32,0.5082554817199707,0.14915468241788724,0.012767839431762695,0.0046544855389903375,,balanced,,,,,,,"OrderedDict([('C', 30462.02034656405), ('class_weight', 'balanced'), ('max_iter', 1000000), ('penalty', 'l2'), ('solver', 'lbfgs')])",1.350689165264818,1.4069557989851196,1.5062498455118185,1.5700372361951647,1.640673683618745,1.4949211459151333,0.10540904629431298,45,LogisticRegression,30462.02034656405,1000000,l2,lbfgs
33,0.401247501373291,0.050273542155678815,0.01017775535583496,0.001810476698680909,,balanced,,,,,,,"OrderedDict([('C', 0.004010150108884245), ('class_weight', 'balanced'), ('max_iter', 1000000), ('penalty', 'l2'), ('solver', 'lbfgs')])",1.3793134871138675,1.4145526497653467,1.5643039360286644,1.5548435346347103,1.6420872433952927,1.511020170187576,0.09858078668341287,6,LogisticRegression,0.004010150108884245,1000000,l2,lbfgs
34,0.27705678939819334,0.05087659087469639,0.012273740768432618,0.005325549785473822,,balanced,,,,,,,"OrderedDict([('C', 0.004331894821469041), ('class_weight', 'balanced'), ('max_iter', 1000000), ('penalty', 'l2'), ('solver', 'lbfgs')])",1.3648949223612192,1.4145526497653467,1.5062498455118185,1.526347024895341,1.597758609126728,1.4819606103320908,0.08272545644008356,91,LogisticRegression,0.004331894821469041,1000000,l2,lbfgs
35,0.3443304538726807,0.07812601943862582,0.009951591491699219,0.0016699989233908857,,balanced,,,,,,,"OrderedDict([('C', 97924577.62171407), ('class_weight', 'balanced'), ('max_iter', 1000000), ('penalty', 'l2'), ('solver', 'lbfgs')])",1.3459711523301836,1.4179391312268725,1.5062498455118185,1.562786939667121,1.6090338100850385,1.4883961757642068,0.09555653877905017,71,LogisticRegression,97924577.62171407,1000000,l2,lbfgs
36,0.4407052040100098,0.11693920031264139,0.012767648696899414,0.0027468916831039935,,balanced,,,,,,,"OrderedDict([('C', 0.0611023593981707), ('class_weight', 'balanced'), ('max_iter', 1000000), ('penalty', 'l2'), ('solver', 'lbfgs')])",1.3485034359235928,1.4094880825785283,1.5062498455118185,1.600664789740133,1.640673683618745,1.5011159674745636,0.11054314536004517,25,LogisticRegression,0.0611023593981707,1000000,l2,lbfgs
37,0.3126233100891113,0.059137674457546606,0.009864425659179688,0.0023431369068007864,,balanced,,,,,,,"OrderedDict([('C', 2951.9682432820646), ('class_weight', 'balanced'), ('max_iter', 1000000), ('penalty', 'l2'), ('solver', 'lbfgs')])",1.3459711523301836,1.3969604112074199,1.5062498455118185,1.562786939667121,1.6090338100850385,1.4842004317603164,0.09895811547677931,86,LogisticRegression,2951.9682432820646,1000000,l2,lbfgs
38,0.21269960403442384,0.028273259249532574,0.014501571655273438,0.0054193417252161565,,balanced,,,,,,,"OrderedDict([('C', 4.820929428344647e-06), ('class_weight', 'balanced'), ('max_iter', 1000000), ('penalty', 'l2'), ('solver', 'lbfgs')])",1.3504733903654424,1.2619742439489343,1.5315453386780962,1.5229088251413174,1.4046910085835838,1.414318561343475,0.10287045191668315,99,LogisticRegression,4.820929428344647e-06,1000000,l2,lbfgs
39,0.4710813045501709,0.22008421867614447,0.011446475982666016,0.00324960492739517,,balanced,,,,,,,"OrderedDict([('C', 9972336611.16462), ('class_weight', 'balanced'), ('max_iter', 1000000), ('penalty', 'l2'), ('solver', 'lbfgs')])",1.3623626387678103,1.4120203661719375,1.5062498455118185,1.4974522426112906,1.640673683618745,1.4837517553363202,0.09507793519184812,88,LogisticRegression,9972336611.16462,1000000,l2,lbfgs
40,0.36644721031188965,0.06846775024396348,0.012193536758422852,0.0010207580952931712,,balanced,,,,,,,"OrderedDict([('C', 0.07081745318239348), ('class_weight', 'balanced'), ('max_iter', 1000000), ('penalty', 'l2'), ('solver', 'lbfgs')])",1.3459711523301836,1.4094880825785283,1.5697150574676662,1.562786939667121,1.597758609126728,1.4971439682340453,0.1002353662251375,38,LogisticRegression,0.07081745318239348,1000000,l2,lbfgs
41,0.28084640502929686,0.05177803992417886,0.009587717056274415,0.0014721659045794078,,balanced,,,,,,,"OrderedDict([('C', 10.680827341102328), ('class_weight', 'balanced'), ('max_iter', 1000000), ('penalty', 'l2'), ('solver', 'lbfgs')])",1.3459711523301836,1.3969604112074199,1.5062498455118185,1.562786939667121,1.6057020141591387,1.4835340725751363,0.0981229688729547,89,LogisticRegression,10.680827341102328,1000000,l2,lbfgs
42,0.3457959651947021,0.07610562216052348,0.011159801483154297,0.0031842686719779365,,balanced,,,,,,,"OrderedDict([('C', 425386.38667430106), ('class_weight', 'balanced'), ('max_iter', 1000000), ('penalty', 'l2'), ('solver', 'lbfgs')])",1.3648949223612192,1.394428127614011,1.5062498455118185,1.570383790447348,1.640673683618745,1.4953260739106284,0.10399192094287381,44,LogisticRegression,425386.38667430106,1000000,l2,lbfgs
43,0.30425076484680175,0.07862338600242477,0.011308813095092773,0.0013906964228977507,,balanced,,,,,,,"OrderedDict([('C', 47964606.64774726), ('class_weight', 'balanced'), ('max_iter', 1000000), ('penalty', 'l2'), ('solver', 'lbfgs')])",1.3648949223612192,1.4094880825785283,1.5062498455118185,1.562786939667121,1.6090338100850385,1.4904907200407451,0.09150222868949084,63,LogisticRegression,47964606.64774726,1000000,l2,lbfgs
44,0.3073604106903076,0.05748671178904679,0.01078934669494629,0.00210517544297336,,balanced,,,,,,,"OrderedDict([('C', 0.05527482316422328), ('class_weight', 'balanced'), ('max_iter', 1000000), ('penalty', 'l2'), ('solver', 'lbfgs')])",1.3648949223612192,1.3969604112074199,1.5697150574676662,1.562786939667121,1.597758609126728,1.4984231879660306,0.09717740670572322,34,LogisticRegression,0.05527482316422328,1000000,l2,lbfgs
45,0.5097673416137696,0.10166355890208836,0.011080408096313476,0.002666577509728621,,balanced,,,,,,,"OrderedDict([('C', 0.05666059186335763), ('class_weight', 'balanced'), ('max_iter', 1000000), ('penalty', 'l2'), ('solver', 'lbfgs')])",1.3485034359235928,1.4094880825785283,1.5901344155786878,1.5700372361951647,1.6381414000253363,1.511260914060262,0.11191250950759178,5,LogisticRegression,0.05666059186335763,1000000,l2,lbfgs
46,0.42814979553222654,0.09712980374959397,0.014530038833618164,0.008115506056714333,,balanced,,,,,,,"OrderedDict([('C', 0.0032503350936735113), ('class_weight', 'balanced'), ('max_iter', 1000000), ('penalty', 'l2'), ('solver', 'lbfgs')])",1.3485034359235928,1.4145526497653467,1.5081680816611713,1.5548435346347103,1.640673683618745,1.4933482771207132,0.10285411767633353,56,LogisticRegression,0.0032503350936735113,1000000,l2,lbfgs
47,0.30922513008117675,0.04924613646650951,0.011973237991333008,0.003946989665066429,,balanced,,,,,,,"OrderedDict([('C', 187218.63914154412), ('class_weight', 'balanced'), ('max_iter', 1000000), ('penalty', 'l2'), ('solver', 'lbfgs')])",1.358365077105356,1.3969604112074199,1.5062498455118185,1.562786939667121,1.6090338100850385,1.4866792167153506,0.09556152364699651,79,LogisticRegression,187218.63914154412,1000000,l2,lbfgs
48,0.4160581588745117,0.10797125673754542,0.009536361694335938,0.0017008398876267366,,balanced,,,,,,,"OrderedDict([('C', 298802699.81883305), ('class_weight', 'balanced'), ('max_iter', 1000000), ('penalty', 'l2'), ('solver', 'lbfgs')])",1.3510357195170017,1.4044235153917104,1.5062498455118185,1.5700372361951647,1.640673683618745,1.4944840000468882,0.10574161931626352,50,LogisticRegression,298802699.81883305,1000000,l2,lbfgs
49,0.44566903114318845,0.09778427648723695,0.010338449478149414,0.0022217364421868325,,balanced,,,,,,,"OrderedDict([('C', 0.05874137944108011), ('class_weight', 'balanced'), ('max_iter', 1000000), ('penalty', 'l2'), ('solver', 'lbfgs')])",1.3485034359235928,1.3969604112074199,1.5697150574676662,1.5700372361951647,1.640673683618745,1.5051779648825176,0.11223974174802977,16,LogisticRegression,0.05874137944108011,1000000,l2,lbfgs
50,0.3083146572113037,0.06293839482604682,0.009612512588500977,0.0013658261516360235,,balanced,,,,,,,"OrderedDict([('C', 114.01102509523967), ('class_weight', 'balanced'), ('max_iter', 1000000), ('penalty', 'l2'), ('solver', 'lbfgs')])",1.3648949223612192,1.4069557989851196,1.5062498455118185,1.5700372361951647,1.5952263255333188,1.488672825717328,0.08975679256466869,70,LogisticRegression,114.01102509523967,1000000,l2,lbfgs
51,0.5618940353393554,0.20331208489945596,0.04210720062255859,0.04618045473116113,,balanced,,,,,,,"OrderedDict([('C', 9967951449.994774), ('class_weight', 'balanced'), ('max_iter', 1000000), ('penalty', 'l2'), ('solver', 'lbfgs')])",1.363429644292174,1.4103422804466454,1.5062498455118185,1.5779806412275752,1.640673683618745,1.4997352190193918,0.10256582708376488,31,LogisticRegression,9967951449.994774,1000000,l2,lbfgs
52,0.3738203525543213,0.08654566830065649,0.01111154556274414,0.001887797631227237,,balanced,,,,,,,"OrderedDict([('C', 0.0607043365920472), ('class_weight', 'balanced'), ('max_iter', 1000000), ('penalty', 'l2'), ('solver', 'lbfgs')])",1.3648949223612192,1.4094880825785283,1.5901344155786878,1.526347024895341,1.640673683618745,1.5063076258065045,0.10474189451974981,13,LogisticRegression,0.0607043365920472,1000000,l2,lbfgs
53,0.3087148189544678,0.11146182647176411,0.011451148986816406,0.00279448504124478,,balanced,,,,,,,"OrderedDict([('C', 0.0031100295971017056), ('class_weight', 'balanced'), ('max_iter', 1000000), ('penalty', 'l2'), ('solver', 'lbfgs')])",1.3485034359235928,1.4145526497653467,1.5087821291052277,1.5700372361951647,1.3930145678374637,1.4469780037653592,0.08077626025761768,98,LogisticRegression,0.0031100295971017056,1000000,l2,lbfgs
54,0.38965625762939454,0.07904857979269297,0.011909914016723634,0.0034706312257573356,,balanced,,,,,,,"OrderedDict([('C', 2.853591696562629), ('class_weight', 'balanced'), ('max_iter', 1000000), ('penalty', 'l2'), ('solver', 'lbfgs')])",1.3459711523301836,1.3969604112074199,1.5901344155786878,1.562786939667121,1.640673683618745,1.5073053204804316,0.1148309210655105,11,LogisticRegression,2.853591696562629,1000000,l2,lbfgs
55,0.43790860176086427,0.14637147493868063,0.011417579650878907,0.0017481989167877586,,balanced,,,,,,,"OrderedDict([('C', 9996409945.426067), ('class_weight', 'balanced'), ('max_iter', 1000000), ('penalty', 'l2'), ('solver', 'lbfgs')])",1.3498320001535733,1.4069557989851196,1.5062498455118185,1.562786939667121,1.6090338100850385,1.486971678880534,0.09615466485590685,76,LogisticRegression,9996409945.426067,1000000,l2,lbfgs
56,0.3767807960510254,0.056968075179454854,0.011485910415649414,0.0028530503794329904,,balanced,,,,,,,"OrderedDict([('C', 0.25743215997658747), ('class_weight', 'balanced'), ('max_iter', 1000000), ('penalty', 'l2'), ('solver', 'lbfgs')])",1.3459711523301836,1.4069557989851196,1.5697150574676662,1.562786939667121,1.6090338100850385,1.4988925517070257,0.10302110251839072,33,LogisticRegression,0.25743215997658747,1000000,l2,lbfgs
57,0.32999448776245116,0.08367123446690165,0.011427879333496094,0.002427598255000057,,balanced,,,,,,,"OrderedDict([('C', 0.2482476186888013), ('class_weight', 'balanced'), ('max_iter', 1000000), ('penalty', 'l2'), ('solver', 'lbfgs')])",1.2789827450737459,1.4145526497653467,1.5876021319852787,1.5700372361951647,1.640673683618745,1.4983696893276564,0.13304512040500302,36,LogisticRegression,0.2482476186888013,1000000,l2,lbfgs
58,0.41237850189208985,0.06583916585241482,0.010269832611083985,0.0010508692537118751,,balanced,,,,,,,"OrderedDict([('C', 0.23921802509779133), ('class_weight', 'balanced'), ('max_iter', 1000000), ('penalty', 'l2'), ('solver', 'lbfgs')])",1.3459711523301836,1.3969604112074199,1.5901344155786878,1.5700372361951647,1.640673683618745,1.5087553797860402,0.11556580115716082,8,LogisticRegression,0.23921802509779133,1000000,l2,lbfgs
59,0.2938848495483398,0.05980080736233428,0.012050437927246093,0.0035039531625241705,,balanced,,,,,,,"OrderedDict([('C', 0.2451953163892718), ('class_weight', 'balanced'), ('max_iter', 1000000), ('penalty', 'l2'), ('solver', 'lbfgs')])",1.2815150286671548,1.4094880825785283,1.5092868054780324,1.562786939667121,1.640673683618745,1.4807501080019163,0.12481412419718557,94,LogisticRegression,0.2451953163892718,1000000,l2,lbfgs
60,0.3552591323852539,0.07004496451266573,0.010630273818969726,0.0036515318723671984,,balanced,,,,,,,"OrderedDict([('C', 0.22227427850372275), ('class_weight', 'balanced'), ('max_iter', 1000000), ('penalty', 'l2'), ('solver', 'lbfgs')])",1.3485034359235928,1.3969604112074199,1.5697150574676662,1.562786939667121,1.640673683618745,1.5037279055769088,0.11143639771537724,21,LogisticRegression,0.22227427850372275,1000000,l2,lbfgs
61,0.3728740692138672,0.09156615743178474,0.011501359939575195,0.00322079517634993,,balanced,,,,,,,"OrderedDict([('C', 14903188.659700152), ('class_weight', 'balanced'), ('max_iter', 1000000), ('penalty', 'l2'), ('solver', 'lbfgs')])",1.3459711523301836,1.4069557989851196,1.5062498455118185,1.562786939667121,1.640673683618745,1.4925274840225975,0.10571022883938655,59,LogisticRegression,14903188.659700152,1000000,l2,lbfgs
62,0.3357889175415039,0.11810570721271904,0.011969852447509765,0.0037956331794469014,,balanced,,,,,,,"OrderedDict([('C', 16.219075430819235), ('class_weight', 'balanced'), ('max_iter', 1000000), ('penalty', 'l2'), ('solver', 'lbfgs')])",1.3596722330537798,1.4069557989851196,1.5062498455118185,1.526347024895341,1.6090338100850385,1.4816517425062194,0.08864243993114965,93,LogisticRegression,16.219075430819235,1000000,l2,lbfgs
63,0.4610919952392578,0.11278974527424661,0.014031028747558594,0.004927998851072594,,balanced,,,,,,,"OrderedDict([('C', 28089.219928285696), ('class_weight', 'balanced'), ('max_iter', 1000000), ('penalty', 'l2'), ('solver', 'lbfgs')])",1.3485034359235928,1.4069557989851196,1.5062498455118185,1.5779806412275752,1.6090338100850385,1.4897447063466287,0.09908682026053285,66,LogisticRegression,28089.219928285696,1000000,l2,lbfgs
64,0.40395631790161135,0.10829379378392076,0.011699676513671875,0.001714756550390268,,balanced,,,,,,,"OrderedDict([('C', 191795750.4536188), ('class_weight', 'balanced'), ('max_iter', 1000000), ('penalty', 'l2'), ('solver', 'lbfgs')])",1.3459711523301836,1.4094880825785283,1.5062498455118185,1.5700372361951647,1.640673683618745,1.4944840000468882,0.10630006784384928,50,LogisticRegression,191795750.4536188,1000000,l2,lbfgs
65,0.3667129993438721,0.05366441274005489,0.011810588836669921,0.0030076060550764147,,balanced,,,,,,,"OrderedDict([('C', 0.1654661815612413), ('class_weight', 'balanced'), ('max_iter', 1000000), ('penalty', 'l2'), ('solver', 'lbfgs')])",1.3648949223612192,1.4069557989851196,1.5697150574676662,1.5805129248209846,1.640673683618745,1.512550477450747,0.10700900755439816,4,LogisticRegression,0.1654661815612413,1000000,l2,lbfgs
66,0.2937049865722656,0.05128854836856806,0.010479593276977539,0.0032064302708644608,,balanced,,,,,,,"OrderedDict([('C', 0.16957231310307447), ('class_weight', 'balanced'), ('max_iter', 1000000), ('penalty', 'l2'), ('solver', 'lbfgs')])",1.2815150286671548,1.3969604112074199,1.5697150574676662,1.552311251041301,1.6090338100850385,1.4819071116937161,0.12345128957238652,92,LogisticRegression,0.16957231310307447,1000000,l2,lbfgs
67,0.43490424156188967,0.12407748082770748,0.011492490768432617,0.0040986152226275985,,balanced,,,,,,,"OrderedDict([('C', 9877286269.808878), ('class_weight', 'balanced'), ('max_iter', 1000000), ('penalty', 'l2'), ('solver', 'lbfgs')])",1.3459711523301836,1.4069557989851196,1.5062498455118185,1.5700372361951647,1.6090338100850385,1.487649568621465,0.09843992101302053,75,LogisticRegression,9877286269.808878,1000000,l2,lbfgs
68,0.3481763362884521,0.036380718010948006,0.010499715805053711,0.0020539031151401736,,balanced,,,,,,,"OrderedDict([('C', 0.162665089204833), ('class_weight', 'balanced'), ('max_iter', 1000000), ('penalty', 'l2'), ('solver', 'lbfgs')])",1.3648949223612192,1.3969604112074199,1.5901344155786878,1.5700372361951647,1.6090338100850385,1.506212159085506,0.1035329738074165,14,LogisticRegression,0.162665089204833,1000000,l2,lbfgs
69,0.4495873928070068,0.10176799913941283,0.009795570373535156,0.0016086174333056259,,balanced,,,,,,,"OrderedDict([('C', 0.16327684177969135), ('class_weight', 'balanced'), ('max_iter', 1000000), ('penalty', 'l2'), ('solver', 'lbfgs')])",1.3648949223612192,1.4069557989851196,1.5671827738742572,1.5548435346347103,1.640673683618745,1.5069101426948102,0.1039059946735512,12,LogisticRegression,0.16327684177969135,1000000,l2,lbfgs
70,0.3448001861572266,0.07206357237810362,0.013332557678222657,0.008223056271166743,,balanced,,,,,,,"OrderedDict([('C', 2036586.3630641913), ('class_weight', 'balanced'), ('max_iter', 1000000), ('penalty', 'l2'), ('solver', 'lbfgs')])",1.3648949223612192,1.3994926948008288,1.5062498455118185,1.562786939667121,1.640673683618745,1.4948196171919466,0.1019718237519968,46,LogisticRegression,2036586.3630641913,1000000,l2,lbfgs
71,0.43892412185668944,0.11532352509499179,0.012664127349853515,0.007158463462635783,,balanced,,,,,,,"OrderedDict([('C', 2107.25342169596), ('class_weight', 'balanced'), ('max_iter', 1000000), ('penalty', 'l2'), ('solver', 'lbfgs')])",1.3459711523301836,1.4069557989851196,1.5062498455118185,1.5700372361951647,1.6381414000253363,1.4934710866095247,0.10601537353650761,55,LogisticRegression,2107.25342169596,1000000,l2,lbfgs
72,0.34132909774780273,0.08910210253846346,0.009858179092407226,0.0018162918102337393,,balanced,,,,,,,"OrderedDict([('C', 891379.7831700679), ('class_weight', 'balanced'), ('max_iter', 1000000), ('penalty', 'l2'), ('solver', 'lbfgs')])",1.3459711523301836,1.4069557989851196,1.5062498455118185,1.562786939667121,1.659092777276976,1.4962113027542436,0.11099739660575351,42,LogisticRegression,891379.7831700679,1000000,l2,lbfgs
73,0.3078779220581055,0.012460853745550948,0.010611820220947265,0.0036967418955184575,,balanced,,,,,,,"OrderedDict([('C', 0.16276959717244424), ('class_weight', 'balanced'), ('max_iter', 1000000), ('penalty', 'l2'), ('solver', 'lbfgs')])",1.3648949223612192,1.3969604112074199,1.5901344155786878,1.562786939667121,1.6090338100850385,1.5047620997798972,0.10267612701781369,19,LogisticRegression,0.16276959717244424,1000000,l2,lbfgs
74,0.31985087394714357,0.07187747689970914,0.010196924209594727,0.002284212957752093,,balanced,,,,,,,"OrderedDict([('C', 0.16254138530587975), ('class_weight', 'balanced'), ('max_iter', 1000000), ('penalty', 'l2'), ('solver', 'lbfgs')])",1.3459711523301836,1.3969604112074199,1.5697150574676662,1.562786939667121,1.597758609126728,1.4946384339598235,0.10252555340976678,49,LogisticRegression,0.16254138530587975,1000000,l2,lbfgs
75,0.39406681060791016,0.09409002506093087,0.010715627670288086,0.0017114164670423428,,balanced,,,,,,,"OrderedDict([('C', 0.15930860881110032), ('class_weight', 'balanced'), ('max_iter', 1000000), ('penalty', 'l2'), ('solver', 'lbfgs')])",1.3485034359235928,1.4094880825785283,1.5697150574676662,1.562786939667121,1.5952263255333188,1.4971439682340453,0.09896794798326157,38,LogisticRegression,0.15930860881110032,1000000,l2,lbfgs
76,0.38448734283447267,0.0873814771864606,0.013412761688232421,0.004708942087513367,,balanced,,,,,,,"OrderedDict([('C', 0.1568367042724181), ('class_weight', 'balanced'), ('max_iter', 1000000), ('penalty', 'l2'), ('solver', 'lbfgs')])",1.3648949223612192,1.403064641150789,1.5697150574676662,1.5700372361951647,1.597758609126728,1.5010940932603134,0.09691853274649243,26,LogisticRegression,0.1568367042724181,1000000,l2,lbfgs
77,0.34801173210144043,0.10981606425582868,0.01252431869506836,0.0029129803498221273,,balanced,,,,,,,"OrderedDict([('C', 216724558.66286525), ('class_weight', 'balanced'), ('max_iter', 1000000), ('penalty', 'l2'), ('solver', 'lbfgs')])",1.3459711523301836,1.4094880825785283,1.5062498455118185,1.562786939667121,1.6169772151174493,1.48829464704102,0.09889099644421591,72,LogisticRegression,216724558.66286525,1000000,l2,lbfgs
78,0.3283930778503418,0.06871842187148666,0.011544466018676758,0.0024107826590996206,,balanced,,,,,,,"OrderedDict([('C', 41423.16403418561), ('class_weight', 'balanced'), ('max_iter', 1000000), ('penalty', 'l2'), ('solver', 'lbfgs')])",1.3459711523301836,1.4094880825785283,1.5062498455118185,1.562786939667121,1.6090338100850385,1.4867059660345379,0.09685377485444031,78,LogisticRegression,41423.16403418561,1000000,l2,lbfgs
79,0.3632314205169678,0.09744969036449211,0.01116023063659668,0.0023830817031258115,,balanced,,,,,,,"OrderedDict([('C', 9991644762.02249), ('class_weight', 'balanced'), ('max_iter', 1000000), ('penalty', 'l2'), ('solver', 'lbfgs')])",1.3459711523301836,1.4069557989851196,1.5062498455118185,1.562786939667121,1.6090338100850385,1.4861995093158562,0.09726199015516578,80,LogisticRegression,9991644762.02249,1000000,l2,lbfgs
80,0.2981076240539551,0.03823918313001273,0.00967864990234375,0.0012891809339556012,,balanced,,,,,,,"OrderedDict([('C', 17.576746158195405), ('class_weight', 'balanced'), ('max_iter', 1000000), ('penalty', 'l2'), ('solver', 'lbfgs')])",1.3459711523301836,1.3969604112074199,1.5901344155786878,1.526347024895341,1.6090338100850385,1.4936893628193342,0.10473745499974026,54,LogisticRegression,17.576746158195405,1000000,l2,lbfgs
81,0.32420806884765624,0.10811463487553871,0.009780979156494141,0.0015704885901756459,,balanced,,,,,,,"OrderedDict([('C', 0.16348008608301134), ('class_weight', 'balanced'), ('max_iter', 1000000), ('penalty', 'l2'), ('solver', 'lbfgs')])",1.2789827450737459,1.4034111954029727,1.5062498455118185,1.5700372361951647,1.640673683618745,1.4798709411604896,0.12718922075824096,95,LogisticRegression,0.16348008608301134,1000000,l2,lbfgs
82,0.33875670433044436,0.08350897639511802,0.011873006820678711,0.0026086921500588734,,balanced,,,,,,,"OrderedDict([('C', 7214909.779660824), ('class_weight', 'balanced'), ('max_iter', 1000000), ('penalty', 'l2'), ('solver', 'lbfgs')])",1.3820615456066516,1.4094880825785283,1.5062498455118185,1.562786939667121,1.640673683618745,1.500252019396573,0.09578299877919154,29,LogisticRegression,7214909.779660824,1000000,l2,lbfgs
83,0.3400766849517822,0.06161540244900668,0.011470746994018555,0.0021894553914391913,,balanced,,,,,,,"OrderedDict([('C', 0.15955928272888567), ('class_weight', 'balanced'), ('max_iter', 1000000), ('penalty', 'l2'), ('solver', 'lbfgs')])",1.3648949223612192,1.3969604112074199,1.5697150574676662,1.5700372361951647,1.597758609126728,1.4998732472716394,0.09817597249940935,30,LogisticRegression,0.15955928272888567,1000000,l2,lbfgs
84,0.32959537506103515,0.0912217557476097,0.011440706253051759,0.002302922934139585,,balanced,,,,,,,"OrderedDict([('C', 408.9863993009459), ('class_weight', 'balanced'), ('max_iter', 1000000), ('penalty', 'l2'), ('solver', 'lbfgs')])",1.3648949223612192,1.4069557989851196,1.5062498455118185,1.562786939667121,1.640673683618745,1.4963122380288048,0.10061108589916773,40,LogisticRegression,408.9863993009459,1000000,l2,lbfgs
85,0.27467708587646483,0.04020194989672507,0.012543582916259765,0.003943083554133622,,balanced,,,,,,,"OrderedDict([('C', 0.17216413905908923), ('class_weight', 'balanced'), ('max_iter', 1000000), ('penalty', 'l2'), ('solver', 'lbfgs')])",1.3648949223612192,1.3969604112074199,1.5697150574676662,1.562786939667121,1.597758609126728,1.4984231879660306,0.09717740670572322,34,LogisticRegression,0.17216413905908923,1000000,l2,lbfgs
86,0.33369007110595705,0.0814471741621479,0.013778591156005859,0.005432716826956676,,balanced,,,,,,,"OrderedDict([('C', 187196188.65924847), ('class_weight', 'balanced'), ('max_iter', 1000000), ('penalty', 'l2'), ('solver', 'lbfgs')])",1.3648949223612192,1.4069557989851196,1.5062498455118185,1.562786939667121,1.640673683618745,1.4963122380288048,0.10061108589916773,40,LogisticRegression,187196188.65924847,1000000,l2,lbfgs
87,0.28682708740234375,0.06806680183736713,0.009572744369506836,0.001541544878454211,,balanced,,,,,,,"OrderedDict([('C', 0.1702413316822602), ('class_weight', 'balanced'), ('max_iter', 1000000), ('penalty', 'l2'), ('solver', 'lbfgs')])",1.2815150286671548,1.3969604112074199,1.5697150574676662,1.5700372361951647,1.6090338100850385,1.4854523087244889,0.12565702398422285,83,LogisticRegression,0.1702413316822602,1000000,l2,lbfgs
88,0.37121124267578126,0.09360043970202506,0.009561395645141602,0.002746932494963654,,balanced,,,,,,,"OrderedDict([('C', 0.1654874910465025), ('class_weight', 'balanced'), ('max_iter', 1000000), ('penalty', 'l2'), ('solver', 'lbfgs')])",1.3459711523301836,1.4069557989851196,1.5901344155786878,1.5700372361951647,1.597758609126728,1.5021714424431767,0.10482815120904318,24,LogisticRegression,0.1654874910465025,1000000,l2,lbfgs
89,0.2883059024810791,0.06574004880786134,0.010886383056640626,0.0018079874572754387,,balanced,,,,,,,"OrderedDict([('C', 9999477292.29897), ('class_weight', 'balanced'), ('max_iter', 1000000), ('penalty', 'l2'), ('solver', 'lbfgs')])",1.363429644292174,1.4044235153917104,1.5062498455118185,1.562786939667121,1.6090338100850385,1.4891847509895724,0.09281283372012461,69,LogisticRegression,9999477292.29897,1000000,l2,lbfgs
90,0.3238393306732178,0.047574055366097816,0.01073160171508789,0.002158470610479376,,balanced,,,,,,,"OrderedDict([('C', 0.16368544544370064), ('class_weight', 'balanced'), ('max_iter', 1000000), ('penalty', 'l2'), ('solver', 'lbfgs')])",1.3648949223612192,1.4094880825785283,1.5901344155786878,1.562786939667121,1.597758609126728,1.5050125938624568,0.09792172081393308,18,LogisticRegression,0.16368544544370064,1000000,l2,lbfgs
91,0.5046414375305176,0.043096744633480816,0.01185779571533203,0.002981277917136602,,balanced,,,,,,,"OrderedDict([('C', 0.1640552610180342), ('class_weight', 'balanced'), ('max_iter', 1000000), ('penalty', 'l2'), ('solver', 'lbfgs')])",1.3485034359235928,1.4094880825785283,1.5567070852484373,1.5700372361951647,1.640673683618745,1.5050819047128936,0.1085582613888148,17,LogisticRegression,0.1640552610180342,1000000,l2,lbfgs
92,0.5664663791656495,0.07661253364934237,0.013061189651489257,0.0025274121142800834,,balanced,,,,,,,"OrderedDict([('C', 0.1644064340340995), ('class_weight', 'balanced'), ('max_iter', 1000000), ('penalty', 'l2'), ('solver', 'lbfgs')])",1.3648949223612192,1.4069557989851196,1.5901344155786878,1.562786939667121,1.640673683618745,1.5130891520421785,0.10761921182363601,3,LogisticRegression,0.1644064340340995,1000000,l2,lbfgs
93,0.4456240177154541,0.18894576532942625,0.012665796279907226,0.003945326860944911,,balanced,,,,,,,"OrderedDict([('C', 1331047.3092852195), ('class_weight', 'balanced'), ('max_iter', 1000000), ('penalty', 'l2'), ('solver', 'lbfgs')])",1.3463938003995497,1.4094880825785283,1.5062498455118185,1.562786939667121,1.640673683618745,1.4931184703551525,0.10518634904234596,57,LogisticRegression,1331047.3092852195,1000000,l2,lbfgs
94,0.30437459945678713,0.09130683198515085,0.009458541870117188,0.0020990400680442264,,balanced,,,,,,,"OrderedDict([('C', 14.855200533793695), ('class_weight', 'balanced'), ('max_iter', 1000000), ('penalty', 'l2'), ('solver', 'lbfgs')])",1.3648949223612192,1.4094880825785283,1.5901344155786878,1.526347024895341,1.6565878364513797,1.5094904563730314,0.10893445231451951,7,LogisticRegression,14.855200533793695,1000000,l2,lbfgs
95,0.2990847587585449,0.04697727491317394,0.011136245727539063,0.004151116268385311,,balanced,,,,,,,"OrderedDict([('C', 20.33295523224189), ('class_weight', 'balanced'), ('max_iter', 1000000), ('penalty', 'l2'), ('solver', 'lbfgs')])",1.3459711523301836,1.3969604112074199,1.5901344155786878,1.526347024895341,1.6140983772718567,1.494702276256698,0.10586645519460074,48,LogisticRegression,20.33295523224189,1000000,l2,lbfgs
96,0.285990571975708,0.07625468753264582,0.010178613662719726,0.002575142309573814,,balanced,,,,,,,"OrderedDict([('C', 0.2705626042631404), ('class_weight', 'balanced'), ('max_iter', 1000000), ('penalty', 'l2'), ('solver', 'lbfgs')])",1.2815150286671548,1.4069557989851196,1.5901344155786878,1.5700372361951647,1.6090338100850385,1.4915352579022332,0.12724185303125088,62,LogisticRegression,0.2705626042631404,1000000,l2,lbfgs
97,0.4008469104766846,0.03955525142001674,0.010565567016601562,0.0016809671605318667,,balanced,,,,,,,"OrderedDict([('C', 0.2554096018337385), ('class_weight', 'balanced'), ('max_iter', 1000000), ('penalty', 'l2'), ('solver', 'lbfgs')])",1.3648949223612192,1.4069557989851196,1.5697150574676662,1.5544969803825268,1.640673683618745,1.5073472885630552,0.10417282512395898,10,LogisticRegression,0.2554096018337385,1000000,l2,lbfgs
98,0.29848108291625974,0.07372392180355508,0.0109771728515625,0.002717129374335813,,balanced,,,,,,,"OrderedDict([('C', 0.2623260402412953), ('class_weight', 'balanced'), ('max_iter', 1000000), ('penalty', 'l2'), ('solver', 'lbfgs')])",1.2815150286671548,1.3969604112074199,1.5697150574676662,1.562786939667121,1.640673683618745,1.4903302241256215,0.13151181773734563,64,LogisticRegression,0.2623260402412953,1000000,l2,lbfgs
99,0.5917307376861572,0.15043705433185778,0.011150360107421875,0.001990333994834139,,balanced,,,,,,,"OrderedDict([('C', 0.24693978537974687), ('class_weight', 'balanced'), ('max_iter', 1000000), ('penalty', 'l2'), ('solver', 'lbfgs')])",1.2789827450737459,1.4193253482356072,1.5617716524352554,1.557375818228119,1.597758609126728,1.4830428346198912,0.11881394391578924,90,LogisticRegression,0.24693978537974687,1000000,l2,lbfgs
